fill	xmin	xmax	ymin	ymax	showSelectedlegendfill	PANEL
#666666	1449464400	1449550800	22.4124137931035	22.9205701754386	sensor work day	1
#666666	1449550800	1449637200	21.9403448275862	22.3384913793103	sensor work day	1
#666666	1449637200	1449723600	22.600350877193	23.2783620689655	sensor work day	1
#666666	1449723600	1449810000	22.7121052631579	23.0839035087719	sensor work day	1
#999999	1449810000	1449896400	22.3955172413793	22.5121256805808	sensor day off	1
#999999	1449896400	1449982800	22.1251724137931	22.5208333333333	sensor day off	1
#666666	1449982800	1450069200	22.7841379310345	23.2026240169389	sensor work day	1
#666666	1450069200	1450155600	22.0998275862069	22.8499826073805	sensor work day	1
#666666	1450155600	1450242000	22.48	23.2466810344828	sensor work day	1
#666666	1450242000	1450328400	22.6182051282051	23.0417922929561	sensor work day	1
#666666	1450328400	1450414800	21.75	22.63955625	sensor work day	1
#999999	1450414800	1450501200	21.99	22.0168070414316	sensor day off	1
#999999	1450501200	1450587600	21.99	22.27443882626	sensor day off	1
#999999	1450587600	1450674000	22.4750505050505	22.9836914508759	sensor day off	1
#999999	1450674000	1450760400	22.49	22.7966094212514	sensor day off	1
#999999	1450760400	1450846800	21.0390291262136	22.4147767857143	sensor day off	1
#999999	1450846800	1450933200	21.0830693069307	21.6372704081633	sensor day off	1
#999999	1450933200	1451019600	20.4726126126126	20.6527407862408	sensor day off	1
#999999	1451019600	1451106000	20.5636274509804	21.3552506265664	sensor day off	1
#999999	1451106000	1451192400	20.3349074074074	20.564849137931	sensor day off	1
#999999	1451192400	1451278800	20.4259292035398	20.6042895308065	sensor day off	1
#999999	1451278800	1451365200	20.4891666666667	20.53	sensor day off	1
#999999	1451365200	1451451600	20.5253333333333	20.53	sensor day off	1
#999999	1451451600	1451538000	20.1230508474576	20.50170185564	sensor day off	1
#999999	1451538000	1451624400	20.3820754716981	20.53	sensor day off	1
#999999	1451624400	1451710800	20.1517543859649	20.53	sensor day off	1
#999999	1451710800	1451797200	20.285	20.5585129310345	sensor day off	1
#666666	1451797200	1451883600	21.1636206896552	21.8822494155465	sensor work day	1
#666666	1451883600	1451970000	22.2205882352941	23.0883474576271	sensor work day	1
#666666	1451970000	1452056400	22.1533333333333	23.3519487179487	sensor work day	1
#666666	1452056400	1452142800	22.4646875	23.0768033154122	sensor work day	1
#666666	1452142800	1452229200	22.4671052631579	23.5368108108108	sensor work day	1
#999999	1452229200	1452315600	22.4631034482759	22.5208333333333	sensor day off	1
#999999	1452315600	1452402000	21.6656756756757	22.3766341256367	sensor day off	1
#666666	1452402000	1452488400	22.4511764705882	22.8912895927602	sensor work day	1
#666666	1452488400	1452574800	22.29625	22.6650172413793	sensor work day	1
#666666	1452574800	1452661200	22.0827027027027	23.1158333333333	sensor work day	1
#666666	1452661200	1452747600	22.1251724137931	22.9362068965517	sensor work day	1
#666666	1452747600	1452834000	22.0068965517241	22.5919396551724	sensor work day	1
#999999	1452920400	1453006800	21.9651724137931	21.99	sensor day off	1
#666666	1453006800	1453093200	22.1336206896552	22.7554953115548	sensor work day	1
#666666	1453093200	1453179600	22.5659649122807	23.46	sensor work day	1
#666666	1453179600	1453266000	22.97	23.4474387477314	sensor work day	1
#666666	1453266000	1453352400	22.8668421052632	23.0042377495463	sensor work day	1
#666666	1453352400	1453438800	22.3870689655172	22.7242218693285	sensor work day	1
#999999	1453438800	1453525200	22.0153448275862	22.4413157894737	sensor day off	1
#999999	1453525200	1453611600	21.99	22.0114541742287	sensor day off	1
#666666	1453611600	1453698000	22.5057894736842	23.1225877192982	sensor work day	1
#666666	1453698000	1453784400	22.48	22.7937348759831	sensor work day	1
#666666	1453784400	1453870800	22.7550877192983	23.4490320629159	sensor work day	1
#666666	1453870800	1453957200	22.9615517241379	23.4295787961283	sensor work day	1
#666666	1453957200	1454043600	22.9528070175439	23.8456934361767	sensor work day	1
#999999	1454043600	1454130000	22.9442105263158	22.9828947368421	sensor day off	1
#999999	1454130000	1454216400	23.0043859649123	23.4578879310345	sensor day off	1
#666666	1454216400	1454302800	23.4515517241379	23.517248185118	sensor work day	1
#666666	1454302800	1454389200	22.9785964912281	23.8023774954628	sensor work day	1
#666666	1454389200	1454475600	23.2910344827586	23.6543103448276	sensor work day	1
#666666	1454475600	1454562000	23.1075438596491	23.9371052631579	sensor work day	1
#666666	1454562000	1454648400	22.7503448275862	23.5275862068966	sensor work day	1
#999999	1454648400	1454734800	22.48	22.8399039624924	sensor day off	1
#999999	1454734800	1454821200	22.4456140350877	22.48	sensor day off	1
#666666	1454821200	1454907600	21.9394736842105	22.9445440108893	sensor work day	1
#666666	1454907600	1454994000	21.5672413793103	22.8131140350877	sensor work day	1
#666666	1454994000	1455080400	22.48	23.2086637931035	sensor work day	1
#666666	1455080400	1455166800	22.4885964912281	22.9531034482759	sensor work day	1
#666666	1455166800	1455253200	22.5745614035088	23.4483650937689	sensor work day	1
#999999	1455253200	1455339600	22.48	23.4429922867514	sensor day off	1
#999999	1455339600	1455426000	22.97	23.4452155172414	sensor day off	1
#666666	1455426000	1455512400	23.9328070175439	24.44	sensor work day	1
#666666	1455512400	1455598800	23.5029824561404	23.8227200544465	sensor work day	1
#666666	1455598800	1455685200	22.9615517241379	23.3632894736842	sensor work day	1
#666666	1455685200	1455771600	22.725	23.3290517241379	sensor work day	1
#666666	1455771600	1455858000	23.3163793103448	24.0725	sensor work day	1
#999999	1455858000	1455944400	22.7418965517241	22.9678879310345	sensor day off	1
#999999	1455944400	1456030800	23.1474137931034	23.4578879310345	sensor day off	1
#666666	1456030800	1456117200	24.2203448275862	24.44	sensor work day	1
#666666	1456117200	1456203600	22.97	23.46	sensor work day	1
#666666	1456203600	1456290000	22.97	23.1056497175141	sensor work day	1
#666666	1456290000	1456376400	22.48	23.1245569111631	sensor work day	1
#666666	1456376400	1456462800	23.46	24.0280472664309	sensor work day	1
#999999	1456462800	1456549200	22.97	23.4075204558738	sensor day off	1
#999999	1456549200	1456635600	22.6109482758621	22.9583836206897	sensor day off	1
#666666	1456635600	1456722000	22.97	23.4525873476063	sensor work day	1
#666666	1456722000	1456808400	22.48	22.9224784482759	sensor work day	1
#666666	1456808400	1456894800	22.7697391304348	23.0807826086957	sensor work day	1
#666666	1456894800	1456981200	23.2512173913044	23.8517887931035	sensor work day	1
#666666	1456981200	1457067600	22.48	23.0151315789474	sensor work day	1
#999999	1457067600	1457154000	23.210775862069	23.46	sensor day off	1
#999999	1457154000	1457240400	23.3712931034483	23.5921710526316	sensor day off	1
#666666	1457240400	1457326800	23.2318965517241	23.8433405172414	sensor work day	1
#666666	1457326800	1457413200	23.094649122807	23.5160068814277	sensor work day	1
#666666	1457413200	1457499600	23.2868103448276	23.46	sensor work day	1
#666666	1457499600	1457586000	22.97	23.4589618644068	sensor work day	1
#666666	1457586000	1457672400	22.97	23.1032456140351	sensor work day	1
#999999	1457672400	1457758800	22.9571052631579	22.9861184210526	sensor day off	1
#999999	1457758800	1457845200	22.4884482758621	22.967850877193	sensor day off	1
#666666	1457845200	1457931600	22.48	22.535870542293	sensor work day	1
#666666	1457931600	1458018000	22.97	23.5622608695652	sensor work day	1
#666666	1458018000	1458104400	22.48	22.6669181034483	sensor work day	1
#666666	1458104400	1458190800	22.8475	22.9689254385965	sensor work day	1
#666666	1458190800	1458277200	23.4431034482759	23.8437851633394	sensor work day	1
#999999	1458277200	1458363600	23.4392372881356	23.545324006429	sensor day off	1
#999999	1458363600	1458450000	23.1389655172414	23.4558295587376	sensor day off	1
#666666	1458450000	1458536400	23.1558620689655	23.7758654718693	sensor work day	1
#666666	1458536400	1458622800	23.3628448275862	23.8686297640653	sensor work day	1
#666666	1458622800	1458709200	23.4890677966102	23.8908620689655	sensor work day	1
#666666	1458709200	1458795600	22.48	22.8689912280702	sensor work day	1
#666666	1458795600	1458882000	22.48	22.6472980943739	sensor work day	1
#999999	1458882000	1458968400	22.97	23.2535730490018	sensor day off	1
#999999	1458968400	1459054800	22.48	22.97	sensor day off	1
#666666	1459054800	1459141200	22.8582456140351	22.9647198275862	sensor work day	1
#666666	1459141200	1459227600	23.4431034482759	23.945108892922	sensor work day	1
#666666	1459227600	1459314000	23.455775862069	23.8275	sensor work day	1
#666666	1459314000	1459400400	22.5272807017544	23.1988815789474	sensor work day	1
#666666	1459400400	1459486800	23.0559649122807	23.4419547791894	sensor work day	1
#999999	1459486800	1459573200	22.5573684210526	22.97	sensor day off	1
#999999	1459573200	1459659600	22.6175438596491	22.97	sensor day off	1
#666666	1459659600	1459746000	22.97	23.5975438596491	sensor work day	1
#666666	1459746000	1459832400	23.0198305084746	23.7430172413793	sensor work day	1
#666666	1459832400	1459918800	23.1978070175439	23.5613793103448	sensor work day	1
#666666	1459918800	1460005200	22.8939655172414	23.2387885662432	sensor work day	1
#666666	1460005200	1460091600	22.5057894736842	22.9689254385965	sensor work day	1
#999999	1460091600	1460178000	22.97	23.0724353448276	sensor day off	1
#999999	1460178000	1460264400	22.9528070175439	22.97	sensor day off	1
#666666	1460264400	1460350800	22.9828947368421	23.6144959921355	sensor work day	1
#666666	1460350800	1460437200	22.5095689655172	22.9604956896552	sensor work day	1
#666666	1460437200	1460523600	23.2523728813559	23.6135325922565	sensor work day	1
#666666	1460523600	1460610000	22.965701754386	23.4116447368421	sensor work day	1
#666666	1460610000	1460696400	22.97	23.1410775862069	sensor work day	1
#999999	1460696400	1460782800	22.7612173913043	22.9689347826087	sensor day off	1
#999999	1460782800	1460869200	22.48	22.9188695652174	sensor day off	1
#666666	1460955600	1461042000	22.97	23.2625215517241	sensor work day	1
#666666	1461042000	1461128400	23.9583050847458	24.3014371597096	sensor work day	1
#666666	1461128400	1461214800	23.5459649122807	23.9622965371128	sensor work day	1
#666666	1461214800	1461301200	22.8703389830508	23.0914439655172	sensor work day	1
#999999	1461301200	1461387600	22.1462931034483	22.5895459770115	sensor day off	1
#999999	1461387600	1461474000	22.0322413793103	22.250257183908	sensor day off	1
#666666	1461474000	1461560400	21.99	22.4219736842105	sensor work day	1
#666666	1461560400	1461646800	21.9237931034483	22.475775862069	sensor work day	1
#666666	1461646800	1461733200	21.3208771929825	21.9894022232305	sensor work day	1
#666666	1461733200	1461819600	21.2220175438597	21.9602828191168	sensor work day	1
#666666	1461819600	1461906000	21.2415652173913	21.9584228756158	sensor work day	1
#999999	1461906000	1461992400	20.5555652173913	21.0189347826087	sensor day off	1
#999999	1461992400	1462078800	20.53	20.628	sensor day off	1
#666666	1462078800	1462165200	20.9270689655172	21.5397413793103	sensor work day	1
#666666	1462165200	1462251600	21.2481034482759	21.9693103448276	sensor work day	1
#666666	1462251600	1462338000	21.02	21.3310129310345	sensor work day	1
#666666	1462338000	1462424400	21.3566086956522	22.1947315486993	sensor work day	1
#666666	1462424400	1462510800	21.6615789473684	22.4218644067797	sensor work day	1
#999999	1462510800	1462597200	21.02	21.0560173176686	sensor day off	1
#999999	1462597200	1462683600	20.981652173913	21.0554605263158	sensor day off	1
#666666	1462683600	1462770000	21.144649122807	21.9644956140351	sensor work day	1
#666666	1462770000	1462856400	21.5305128205128	22.2755979210342	sensor work day	1
#666666	1462856400	1462942800	21.4620689655172	22.1793138586957	sensor work day	1
#666666	1462942800	1463029200	21.614347826087	22.2403260869565	sensor work day	1
#666666	1463029200	1463115600	21.6801724137931	22.1573162431942	sensor work day	1
#999999	1463115600	1463202000	20.9899122807018	21.0473536036036	sensor day off	1
#999999	1463202000	1463288400	20.9770175438597	21.026447368421	sensor day off	1
#666666	1463288400	1463374800	21.02	21.4156359649123	sensor work day	1
#666666	1463374800	1463461200	21.5014035087719	21.84	sensor work day	1
#666666	1463461200	1463547600	21.1788596491228	21.6785390199637	sensor work day	1
#666666	1463547600	1463634000	21.4756140350877	21.8452087114338	sensor work day	1
#666666	1463634000	1463720400	21.0758771929825	21.5193103448276	sensor work day	1
#999999	1463720400	1463806800	21.02	21.0435101962293	sensor day off	1
#999999	1463806800	1463893200	21.0453448275862	21.4031737749546	sensor day off	1
#666666	1463893200	1463979600	21.02	21.1044827586207	sensor work day	1
#666666	1463979600	1464066000	21.51	22.0650590990187	sensor work day	1
#666666	1464066000	1464152400	21.3875	21.6080303915839	sensor work day	1
#666666	1464152400	1464238800	21.1113559322034	21.7638200782269	sensor work day	1
#666666	1464238800	1464325200	21.51	22.0207112068966	sensor work day	1
#999999	1464325200	1464411600	21.02	21.51	sensor day off	1
#999999	1464411600	1464498000	21.015775862069	21.0242062390415	sensor day off	1
#666666	1464498000	1464584400	21.4890598290598	22.375474137931	sensor work day	1
#666666	1464584400	1464670800	21.5141025641026	21.9962288135593	sensor work day	1
#666666	1464670800	1464757200	21.2565517241379	21.8465948275862	sensor work day	1
#666666	1464757200	1464843600	21.2058620689655	21.669762565751	sensor work day	1
#666666	1464843600	1464930000	21.2223275862069	21.8969228521333	sensor work day	1
#999999	1464930000	1465016400	21.02	21.0724226348364	sensor day off	1
#999999	1465016400	1465102800	20.651452991453	21.1260526315789	sensor day off	1
#666666	1465102800	1465189200	21.02	21.8567774693162	sensor work day	1
#666666	1465189200	1465275600	21.0924347826087	21.800347826087	sensor work day	1
#666666	1465275600	1465362000	21.0368965517241	21.7146899410464	sensor work day	1
#666666	1465362000	1465448400	21.1145614035088	21.8172413793103	sensor work day	1
#666666	1465448400	1465534800	21.0371929824561	21.9415789473684	sensor work day	1
#999999	1465534800	1465621200	20.53	20.6434773895947	sensor day off	1
#999999	1465621200	1465707600	20.4962068965517	20.53	sensor day off	1
#666666	1465707600	1465794000	20.53	21.6344657441016	sensor work day	1
#666666	1465794000	1465880400	20.7524712643678	21.7264531483748	sensor work day	1
#666666	1465880400	1465966800	21.236511627907	21.8686643744602	sensor work day	1
#666666	1465966800	1466053200	21.5097701149425	21.8476149425287	sensor work day	1
#666666	1466053200	1466139600	21.2818965517241	21.9315350877193	sensor work day	1
#999999	1466139600	1466226000	21.014367816092	21.2062669423959	sensor day off	1
#999999	1466226000	1466312400	21.02	21.1495402298851	sensor day off	1
#666666	1466312400	1466398800	21.022816091954	21.7195353850729	sensor work day	1
#666666	1466398800	1466485200	21.02	21.7332076984763	sensor work day	1
#666666	1466485200	1466571600	21.022816091954	21.4979885057471	sensor work day	1
#666666	1466571600	1466658000	21.02	21.5022557471264	sensor work day	1
#666666	1466658000	1466744400	21.0172	21.3407048534981	sensor work day	1
#999999	1466744400	1466830800	20.7332386363636	21.02	sensor day off	1
#999999	1466830800	1466917200	20.7609195402299	21.014367816092	sensor day off	1
#666666	1466917200	1467003600	20.53	20.9094683908046	sensor work day	1
#666666	1467003600	1467090000	20.5947701149425	21.1530603448276	sensor work day	1
#666666	1467090000	1467176400	20.8200574712644	21.3408979131968	sensor work day	1
#666666	1467176400	1467262800	21.02	21.5012063953488	sensor work day	1
#666666	1467262800	1467349200	20.5698837209302	21.02	sensor work day	1
#999999	1467349200	1467435600	20.4167052023121	20.53	sensor day off	1
#999999	1467435600	1467522000	20.3971186440678	20.5321	sensor day off	1
#666666	1467522000	1467608400	20.5327683615819	21.0885729564678	sensor work day	1
#666666	1467608400	1467694800	21.2678488372093	21.7920318237454	sensor work day	1
#666666	1467694800	1467781200	20.9805747126437	21.5277440008066	sensor work day	1
#666666	1467781200	1467867600	20.2596551724138	20.7939738354507	sensor work day	1
#666666	1467867600	1467954000	19.8991954022989	20.7134402095376	sensor work day	1
#999999	1467954000	1468040400	19.55	19.5549525779018	sensor day off	1
#999999	1468040400	1468126800	19.1762711864407	19.55	sensor day off	1
#666666	1468126800	1468213200	19.5387356321839	19.5774568965517	sensor work day	1
#666666	1468213200	1468299600	19.547134502924	20.3505425287356	sensor work day	1
#666666	1468299600	1468386000	20.2354335260116	20.5000872093023	sensor work day	1
#666666	1468386000	1468472400	20.2354335260116	20.8202364601598	sensor work day	1
#666666	1468472400	1468558800	19.9798245614035	20.173404170008	sensor work day	1
#999999	1468645200	1468731600	19.55	19.5802409874608	sensor day off	1
#666666	1468731600	1468818000	19.5057062146893	19.8572396551724	sensor work day	1
#666666	1468818000	1468904400	19.5815204678363	20.0463362068966	sensor work day	1
#666666	1468904400	1468990800	19.7245977011494	20.4586047438708	sensor work day	1
#666666	1468990800	1469077200	19.5753448275862	20.2014300847458	sensor work day	1
#666666	1469077200	1469163600	19.4848554913295	19.628705375357	sensor work day	1
#999999	1469163600	1469250000	19.3134482758621	19.55	sensor day off	1
#666666	1469336400	1469422800	19.6372988505747	20.0294396551724	sensor work day	1
#666666	1469422800	1469509200	19.5809770114943	20.2114851784634	sensor work day	1
#666666	1469509200	1469595600	19.8329166666667	20.411724137931	sensor work day	1
#666666	1469595600	1469682000	20.0314534883721	20.4617468239564	sensor work day	1
#666666	1469682000	1469768400	19.55	19.9922954022989	sensor work day	1
#999999	1469768400	1469854800	19.55	19.5549281609195	sensor day off	1
#999999	1469854800	1469941200	19.55	19.6727701483561	sensor day off	1
#666666	1469941200	1470027600	20.042865497076	20.7454310344828	sensor work day	1
#666666	1470027600	1470114000	20.6060344827586	21.2475143678161	sensor work day	1
#666666	1470114000	1470200400	21.0312643678161	21.5617930213465	sensor work day	1
#666666	1470200400	1470286800	20.5413294797688	21.4231087416818	sensor work day	1
#666666	1470286800	1470373200	20.53	21.2544396551724	sensor work day	1
#999999	1470373200	1470459600	20.9999415204678	21.0756301673725	sensor day off	1
#999999	1470459600	1470546000	20.53	20.535730994152	sensor day off	1
#666666	1470546000	1470632400	20.532816091954	21.1645621157445	sensor work day	1
#666666	1470632400	1470718800	20.4849425287356	21.4736853084416	sensor work day	1
#666666	1470718800	1470805200	21.0000581395349	21.947140223241	sensor work day	1
#666666	1470805200	1470891600	20.5825988700565	20.9596022383545	sensor work day	1
#666666	1470891600	1470978000	20.532816091954	20.9634653167602	sensor work day	1
#999999	1470978000	1471064400	20.4624137931034	20.53	sensor day off	1
#999999	1471064400	1471150800	20.53	20.5448215366001	sensor day off	1
#666666	1471150800	1471237200	20.5214035087719	21.13805353902	sensor work day	1
#666666	1471237200	1471323600	20.53	21.0600552026618	sensor work day	1
#666666	1471323600	1471410000	20.5046551724138	20.896240169389	sensor work day	1
#666666	1471410000	1471496400	20.53	21.2514382940109	sensor work day	1
#666666	1471496400	1471582800	20.53	21.2983484573503	sensor work day	1
#999999	1471582800	1471669200	20.9770175438597	21.02	sensor day off	1
#999999	1471669200	1471755600	20.5722413793103	21.0031034482759	sensor day off	1
#666666	1471755600	1471842000	20.7581034482759	21.02	sensor work day	1
#666666	1471842000	1471928400	21.0453448275862	21.5565086206897	sensor work day	1
#666666	1471928400	1472014800	20.926724137931	21.6775	sensor work day	1
#666666	1472014800	1472101200	20.8989473684211	21.7535526315789	sensor work day	1
#666666	1472101200	1472187600	21.0284482758621	21.7884913793103	sensor work day	1
#999999	1472187600	1472274000	21.51	21.663498185118	sensor day off	1
#999999	1472274000	1472360400	20.8050877192982	21.1514670296431	sensor day off	1
#666666	1472360400	1472446800	21.0453448275862	21.7397844827586	sensor work day	1
#666666	1472446800	1472533200	21.0285964912281	21.9521256805808	sensor work day	1
#666666	1472533200	1472619600	21.0115517241379	22.3729824561404	sensor work day	1
#666666	1472619600	1472706000	21.9985964912281	22.7742816091954	sensor work day	1
#666666	1472706000	1472792400	21.1317543859649	22.1279385964912	sensor work day	1
#999999	1472792400	1472878800	21.02	21.269298245614	sensor day off	1
#999999	1472878800	1472965200	20.9512280701754	21.1425	sensor day off	1
#666666	1472965200	1473051600	20.7243103448276	21.0780263157895	sensor work day	1
#666666	1473051600	1473138000	21.1208620689655	21.5028947368421	sensor work day	1
#666666	1473138000	1473224400	21.2349122807018	21.9235564125832	sensor work day	1
#666666	1473224400	1473310800	21.51	21.8978947368421	sensor work day	1
#666666	1473310800	1473397200	21.269298245614	21.8027631578947	sensor work day	1
#999999	1473397200	1473483600	21.1575438596491	21.51	sensor day off	1
#999999	1473483600	1473570000	21.02	21.2100862068966	sensor day off	1
#666666	1473570000	1473656400	21.0284482758621	21.5410344827586	sensor work day	1
#666666	1473656400	1473742800	21.02	21.51	sensor work day	1
#666666	1473742800	1473829200	21.3268421052632	21.7521052631579	sensor work day	1
#666666	1473829200	1473915600	21.02	21.5667422867514	sensor work day	1
#666666	1473915600	1474002000	21.4756896551724	22.3317105263158	sensor work day	1
#999999	1474002000	1474088400	21.02	21.4888793103448	sensor day off	1
#999999	1474088400	1474174800	21.02	21.4846551724138	sensor day off	1
#666666	1474174800	1474261200	21.2521052631579	22.1493352994555	sensor work day	1
#666666	1474261200	1474347600	21.51	22.0473275862069	sensor work day	1
#666666	1474347600	1474434000	21.4326315789474	22.0649568965517	sensor work day	1
#666666	1474434000	1474520400	21.51	21.8120689655172	sensor work day	1
#666666	1474520400	1474606800	21.1833333333333	21.5267037205082	sensor work day	1
#999999	1474606800	1474693200	20.648275862069	21.1253440713854	sensor day off	1
#999999	1474693200	1474779600	20.6159649122807	21.1210087719298	sensor day off	1
#666666	1474779600	1474866000	21.2818965517241	21.9819646098004	sensor work day	1
#666666	1474866000	1474952400	21.51	22.1151308227465	sensor work day	1
#666666	1474952400	1475038800	21.1059649122807	22.1053198729583	sensor work day	1
#666666	1475038800	1475125200	21.7677586206897	22.4884482758621	sensor work day	1
#666666	1475125200	1475211600	21.2903448275862	22.3548396854204	sensor work day	1
#999999	1475211600	1475298000	20.5637931034483	21.0263362068966	sensor day off	1
#999999	1475298000	1475384400	20.6417543859649	21.4978017241379	sensor day off	1
#666666	1475384400	1475470800	21.138275862069	22.00347323049	sensor work day	1
#666666	1475470800	1475557200	20.9598245614035	21.7397844827586	sensor work day	1
#666666	1475557200	1475643600	21.3406896551724	22.1258771929825	sensor work day	1
#666666	1475643600	1475730000	21.1145614035088	21.9759482758621	sensor work day	1
#666666	1475730000	1475816400	21.0115517241379	21.7855558076225	sensor work day	1
#999999	1475816400	1475902800	20.53	20.839362522686	sensor day off	1
#999999	1475902800	1475989200	20.3666666666667	20.53	sensor day off	1
#666666	1475989200	1476075600	20.53	21.1167105263158	sensor work day	1
#666666	1476075600	1476162000	20.9270689655172	21.7886138838476	sensor work day	1
#666666	1476162000	1476248400	21.0960344827586	22.2436206896552	sensor work day	1
#666666	1476248400	1476334800	21.0453448275862	21.7561728675136	sensor work day	1
#666666	1476334800	1476421200	21.0537931034483	21.4928070175439	sensor work day	1
#999999	1476421200	1476507600	20.779298245614	21.02	sensor day off	1
#999999	1476507600	1476594000	20.5385964912281	21.140350877193	sensor day off	1
#666666	1476594000	1476680400	20.53	21.2791447368421	sensor work day	1
#666666	1476680400	1476766800	21.1551724137931	21.99	sensor work day	1
#666666	1476766800	1476853200	21.4842105263158	22.4210526315789	sensor work day	1
#666666	1476853200	1476939600	21.7086206896552	22.6899841197822	sensor work day	1
#666666	1476939600	1477026000	21.2005263157895	22.1158771929825	sensor work day	1
#999999	1477026000	1477112400	20.6313793103448	21.51	sensor day off	1
#999999	1477112400	1477198800	20.9862068965517	21.1576920750151	sensor day off	1
#666666	1477198800	1477285200	20.53	21.3623774954628	sensor work day	1
#666666	1477285200	1477371600	21.0543859649123	21.6994736842105	sensor work day	1
#666666	1477371600	1477458000	20.53	21.1363120084695	sensor work day	1
#666666	1477458000	1477544400	20.53	21.4197413793103	sensor work day	1
#666666	1477544400	1477630800	20.9512280701754	21.8730603448276	sensor work day	1
#999999	1477630800	1477717200	20.0743859649123	20.53	sensor day off	1
#999999	1477717200	1477803600	20.2596551724138	20.523552631579	sensor day off	1
#666666	1477803600	1477890000	20.6847368421053	21.4614224137931	sensor work day	1
#666666	1477890000	1477976400	21.0801754385965	21.8359528130672	sensor work day	1
#666666	1477976400	1478062800	21.3036842105263	22.48	sensor work day	1
#666666	1478062800	1478149200	21.5001724137931	21.651052631579	sensor work day	1
#666666	1478149200	1478235600	21.3410344827586	22.0445175438597	sensor work day	1
#999999	1478235600	1478322000	20.53	21.4362704174229	sensor day off	1
#999999	1478322000	1478408400	20.3694827586207	20.9624183303085	sensor day off	1
#666666	1478408400	1478494800	20.7412068965517	21.6587250453721	sensor work day	1
#666666	1478494800	1478581200	21.51	22.1230603448276	sensor work day	1
#666666	1478581200	1478667600	21.0114035087719	21.7810344827586	sensor work day	1
#666666	1478667600	1478754000	21.5942105263158	22.0090086206897	sensor work day	1
#666666	1478754000	1478840400	21.3494827586207	21.9165517241379	sensor work day	1
#999999	1478840400	1478926800	21.02	21.2110344827586	sensor day off	1
#999999	1478926800	1479013200	21.02	21.6753675136116	sensor day off	1
#666666	1479013200	1479099600	21.4593103448276	22.0661191772535	sensor work day	1
#666666	1479099600	1479186000	21.5348275862069	21.996447368421	sensor work day	1
#666666	1479186000	1479272400	21.51	22.0001769509982	sensor work day	1
#666666	1479272400	1479358800	21.3156896551724	21.8350431034483	sensor work day	1
#666666	1479358800	1479445200	21.0973684210526	21.9796982758621	sensor work day	1
#999999	1479445200	1479531600	20.53	21.5797504537205	sensor day off	1
#999999	1479531600	1479618000	20.53	20.5363362068966	sensor day off	1
#666666	1479618000	1479704400	20.6159649122807	21.2582894736842	sensor work day	1
#666666	1479704400	1479790800	21.02	21.4611637931035	sensor work day	1
#666666	1479790800	1479877200	20.6651724137931	21.6542400181488	sensor work day	1
#666666	1479877200	1479963600	22.7464912280702	23.46	sensor work day	1
#666666	1479963600	1480050000	22.48	23.2931465517241	sensor work day	1
#999999	1480050000	1480136400	21.99	22.3448275862069	sensor day off	1
#999999	1480136400	1480222800	21.99	22.475775862069	sensor day off	1
#666666	1480222800	1480309200	22.1791228070175	23.2889224137931	sensor work day	1
#666666	1480309200	1480395600	23.2536842105263	23.884525862069	sensor work day	1
#666666	1480395600	1480482000	23.2065517241379	23.6839163641863	sensor work day	1
#666666	1480482000	1480568400	22.9614035087719	22.97	sensor work day	1
#666666	1480568400	1480654800	22.7722807017544	22.97	sensor work day	1
#999999	1480741200	1480827600	22.8668421052632	23.3301633393829	sensor day off	1
#666666	1480827600	1480914000	22.8238596491228	23.5803879310345	sensor work day	1
#666666	1480914000	1481000400	22.9362068965517	23.154194646098	sensor work day	1
#666666	1481000400	1481086800	22.97	23.4108666061706	sensor work day	1
#666666	1481086800	1481173200	22.4885964912281	22.97	sensor work day	1
#666666	1481173200	1481259600	22.97	23.4684482758621	sensor work day	1
#999999	1481259600	1481346000	22.9953448275862	23.4105701754386	sensor day off	1
#999999	1481346000	1481432400	22.97	23.46	sensor day off	1
#666666	1481432400	1481518800	22.5487719298246	23.219298245614	sensor work day	1
#666666	1481518800	1481605200	22.48	23.46	sensor work day	1
#666666	1481605200	1481691600	22.48	23.2539806412583	sensor work day	1
#666666	1481691600	1481778000	22.1189473684211	22.9571052631579	sensor work day	1
#666666	1481778000	1481864400	22.1589655172414	22.6063906533575	sensor work day	1
#999999	1481864400	1481950800	22.48	22.658191923775	sensor day off	1
#666666	1482037200	1482123600	22.48	22.9826724137931	sensor work day	1
#666666	1482123600	1482210000	23.0559649122807	23.46	sensor work day	1
#666666	1482210000	1482296400	22.9953448275862	23.6957735934664	sensor work day	1
#666666	1482296400	1482382800	22.9362068965517	23.2361206896552	sensor work day	1
#666666	1482382800	1482469200	22.48	22.6648245614035	sensor work day	1
#999999	1482469200	1482555600	21.99	22.1252094676346	sensor day off	1
#999999	1482555600	1482642000	22.3940350877193	23.2923684210526	sensor day off	1
#666666	1482642000	1482728400	21.99	21.996447368421	sensor work day	1
#666666	1482814800	1482901200	21.981724137931	21.996447368421	sensor work day	1
#666666	1482901200	1482987600	21.99	22.4631034482759	sensor work day	1
#666666	1482987600	1483074000	22.0071929824561	22.4628070175439	sensor work day	1
#999999	1483160400	1483246800	22.4377586206897	23.2987046279492	sensor day off	1
#666666	1483246800	1483333200	22.361724137931	22.48	sensor work day	1
#666666	1483333200	1483419600	22.4884482758621	22.9932327586207	sensor work day	1
#666666	1483419600	1483506000	22.5315789473684	23.1677192982456	sensor work day	1
#666666	1483506000	1483592400	22.4885964912281	23.0989473684211	sensor work day	1
#666666	1483592400	1483678800	22.48	23.2794736842105	sensor work day	1
#999999	1483678800	1483765200	22.48	23.0471460980036	sensor day off	1
#999999	1483765200	1483851600	22.1705263157895	22.477850877193	sensor day off	1
#666666	1483851600	1483938000	22.0349122807018	22.97	sensor work day	1
#666666	1483938000	1484024400	22.97	23.2473109497883	sensor work day	1
#666666	1484024400	1484110800	22.6151724137931	23.46	sensor work day	1
#666666	1484110800	1484197200	22.48	22.6562280701754	sensor work day	1
#666666	1484197200	1484283600	23.46	23.8539564428312	sensor work day	1
#999999	1484283600	1484370000	22.7808771929825	22.9979385964912	sensor day off	1
#999999	1484370000	1484456400	22.5053448275862	22.97	sensor day off	1
#666666	1484456400	1484542800	23.3826315789474	23.46	sensor work day	1
#666666	1484542800	1484629200	23.46	23.8739655172414	sensor work day	1
#666666	1484629200	1484715600	22.97	23.455701754386	sensor work day	1
#666666	1484715600	1484802000	22.97	23.2601315789474	sensor work day	1
#666666	1484802000	1484888400	22.8348275862069	23.2184460072595	sensor work day	1
#999999	1484888400	1484974800	22.48	22.5057894736842	sensor day off	1
#666666	1485061200	1485147600	22.9614035087719	23.3199364791289	sensor work day	1
#666666	1485147600	1485234000	22.5229824561404	22.97	sensor work day	1
#666666	1485234000	1485320400	22.9356140350877	23.3877079552329	sensor work day	1
#666666	1485320400	1485406800	23.4008620689655	23.8612931034483	sensor work day	1
#666666	1485406800	1485493200	22.5475862068966	23.3289035087719	sensor work day	1
#999999	1485493200	1485579600	22.3338596491228	22.48	sensor day off	1
#999999	1485579600	1485666000	22.351052631579	22.48	sensor day off	1
#666666	1485666000	1485752400	22.48	22.9914912280702	sensor work day	1
#666666	1485752400	1485838800	22.3363793103448	23.46	sensor work day	1
#666666	1485838800	1485925200	22.7035087719298	23.333275862069	sensor work day	1
#666666	1485925200	1486011600	22.851724137931	23.46	sensor work day	1
#666666	1486011600	1486098000	23.090350877193	23.4663362068966	sensor work day	1
#999999	1486098000	1486184400	22.720701754386	22.97	sensor day off	1
#999999	1486184400	1486270800	21.9985964912281	22.3795099818512	sensor day off	1
#666666	1486270800	1486357200	22.48	22.9764473684211	sensor work day	1
#666666	1486357200	1486443600	22.2049122807018	22.9317604355717	sensor work day	1
#666666	1486443600	1486530000	22.6863157894737	23.3380558076225	sensor work day	1
#666666	1486530000	1486616400	22.4026315789474	23.0629310344828	sensor work day	1
#666666	1486616400	1486702800	22.0329824561404	23.3619184815487	sensor work day	1
#999999	1486702800	1486789200	22.8152631578947	23.1096188747731	sensor day off	1
#999999	1486789200	1486875600	22.48	22.8812931034483	sensor day off	1
#666666	1486875600	1486962000	22.97	23.46	sensor work day	1
#666666	1486962000	1487048400	22.725	23.7499833635814	sensor work day	1
#666666	1487048400	1487134800	23.0301754385965	23.95	sensor work day	1
#666666	1487134800	1487221200	23.46	23.8036002722323	sensor work day	1
#666666	1487221200	1487307600	23.5022413793103	24.37875	sensor work day	1
#999999	1487307600	1487394000	23.1558620689655	23.5908371143376	sensor day off	1
#999999	1487394000	1487480400	22.9953448275862	23.4363596491228	sensor day off	1
#666666	1487480400	1487566800	23.3924137931035	23.9415517241379	sensor work day	1
#666666	1487566800	1487653200	22.97	23.9265449183303	sensor work day	1
#666666	1487653200	1487739600	22.9614035087719	22.97	sensor work day	1
#666666	1487826000	1487912400	22.9277586206897	22.97	sensor work day	1
#999999	1487912400	1487998800	22.97	23.1220689655172	sensor day off	1
#999999	1487998800	1488085200	22.9528070175439	23.1664224137931	sensor day off	1
#666666	1488085200	1488171600	23.46	23.9584482758621	sensor work day	1
#666666	1488171600	1488258000	22.4885964912281	22.97	sensor work day	1
#666666	1488258000	1488344400	22.97	23.4407690562614	sensor work day	1
#666666	1488344400	1488430800	23.4943859649123	23.9371052631579	sensor work day	1
#666666	1488430800	1488517200	22.8094827586207	22.97	sensor work day	1
#999999	1488517200	1488603600	22.97	23.4236501814882	sensor day off	1
#999999	1488603600	1488690000	22.97	23.4578879310345	sensor day off	1
#666666	1488690000	1488776400	23.2318965517241	23.6078448275862	sensor work day	1
#666666	1488776400	1488862800	23.3826315789474	23.5002775257108	sensor work day	1
#666666	1488862800	1488949200	23.1075438596491	23.7748094373866	sensor work day	1
#666666	1488949200	1489035600	22.598275862069	23.1870614035088	sensor work day	1
#666666	1489035600	1489122000	23.0301754385965	23.5064655172414	sensor work day	1
#999999	1489122000	1489208400	22.97	23.212850877193	sensor day off	1
#999999	1489208400	1489294800	22.4714035087719	23.0080172413793	sensor day off	1
#666666	1489294800	1489381200	22.4885964912281	23.1812068965517	sensor work day	1
#666666	1489381200	1489467600	22.9614035087719	23.4536637931035	sensor work day	1
#666666	1489467600	1489554000	22.8939655172414	23.2124432849365	sensor work day	1
#666666	1489554000	1489640400	22.8754385964912	23.4196483666062	sensor work day	1
#666666	1489640400	1489726800	22.48	22.97	sensor work day	1
#999999	1489726800	1489813200	22.48	22.5186842105263	sensor day off	1
#999999	1489813200	1489899600	22.97	23.0017921960073	sensor day off	1
#666666	1489899600	1489986000	22.48	22.9150862068966	sensor work day	1
#666666	1489986000	1490072400	22.97	23.3881896551724	sensor work day	1
#666666	1490072400	1490158800	22.48	22.7722807017544	sensor work day	1
#666666	1490158800	1490245200	22.48	22.9614035087719	sensor work day	1
#666666	1490245200	1490331600	22.48	23.1393731094979	sensor work day	1
#999999	1490418000	1490504400	22.0068965517241	22.4356465517241	sensor day off	1
#666666	1490504400	1490590800	22.849649122807	23.4514035087719	sensor work day	1
#666666	1490590800	1490677200	22.7894736842105	23.2665418935269	sensor work day	1
#666666	1490677200	1490763600	22.4885964912281	23.3307191470054	sensor work day	1
#666666	1490763600	1490850000	23.0713793103448	24.3948684210526	sensor work day	1
#666666	1490850000	1490936400	22.48	22.97	sensor work day	1
#999999	1490936400	1491022800	22.2603448275862	22.48	sensor day off	1
#999999	1491022800	1491109200	22.5057894736842	22.9531034482759	sensor day off	1
#666666	1491109200	1491195600	23.2403448275862	23.8346143375681	sensor work day	1
#666666	1491195600	1491282000	22.97	23.1989927404719	sensor work day	1
#666666	1491282000	1491368400	22.48	22.8981896551724	sensor work day	1
#666666	1491368400	1491454800	22.48	22.9592543859649	sensor work day	1
#666666	1491454800	1491541200	23.2318965517241	23.8179771627344	sensor work day	1
#999999	1491541200	1491627600	22.6489655172414	22.9953448275862	sensor day off	1
#999999	1491627600	1491714000	22.48	22.4864473684211	sensor day off	1
#666666	1491714000	1491800400	22.5057894736842	23.027025862069	sensor work day	1
#666666	1491800400	1491886800	23.831724137931	24.3893103448276	sensor work day	1
#666666	1491886800	1491973200	22.97	23.0333620689655	sensor work day	1
#666666	1491973200	1492059600	22.6320689655172	22.97	sensor work day	1
#666666	1492059600	1492146000	22.48	22.8316039019964	sensor work day	1
#999999	1492146000	1492232400	22.0501754385965	22.8953365093769	sensor day off	1
#999999	1492232400	1492318800	22.7636842105263	22.97	sensor day off	1
#666666	1492318800	1492405200	22.4971929824561	22.9678879310345	sensor work day	1
#666666	1492405200	1492491600	22.9784482758621	23.8434331518451	sensor work day	1
#666666	1492491600	1492578000	22.97	23.3037068965517	sensor work day	1
#666666	1492578000	1492664400	22.97	23.3375	sensor work day	1
#666666	1492664400	1492750800	22.97	23.149525862069	sensor work day	1
#999999	1492750800	1492837200	22.849649122807	22.97	sensor day off	1
#999999	1492837200	1492923600	22.48	22.849649122807	sensor day off	1
#666666	1492923600	1493010000	22.5053448275862	22.908527676951	sensor work day	1
#666666	1493010000	1493096400	22.9446551724138	22.9850068058076	sensor work day	1
#666666	1493096400	1493182800	22.4968965517241	22.9678879310345	sensor work day	1
#666666	1493182800	1493269200	22.9277586206897	23.1204385964912	sensor work day	1
#666666	1493269200	1493355600	23.46	23.6999977313975	sensor work day	1
#999999	1493442000	1493528400	22.725	22.8850355414398	sensor day off	1
#666666	1493528400	1493614800	21.99	22.48	sensor work day	1
#666666	1493614800	1493701200	20.4354385964912	21.0593511796733	sensor work day	1
#666666	1493701200	1493787600	19.55	20.0273275862069	sensor work day	1
#666666	1493787600	1493874000	19.4984210526316	20.0906896551724	sensor work day	1
#666666	1493874000	1493960400	19.4570689655172	20.2616560798548	sensor work day	1
#999999	1493960400	1494046800	19.06	19.5054242286751	sensor day off	1
#999999	1494046800	1494133200	19.0853448275862	19.6101754385965	sensor day off	1
#666666	1494133200	1494219600	19.431724137931	20.1539035087719	sensor work day	1
#666666	1494219600	1494306000	19.2205172413793	19.5221725650333	sensor work day	1
#666666	1494306000	1494392400	20.04	20.4222844827586	sensor work day	1
#666666	1494392400	1494478800	19.7105172413793	20.3086403508772	sensor work day	1
#666666	1494478800	1494565200	19.6936206896552	20.5472300362976	sensor work day	1
#999999	1494565200	1494651600	20.04	20.5219600725953	sensor day off	1
#999999	1494651600	1494738000	20.0314035087719	20.3758189655172	sensor day off	1
#666666	1494738000	1494824400	19.6273684210526	20.0949137931035	sensor work day	1
#666666	1494824400	1494910800	20.0315517241379	20.4336229582577	sensor work day	1
#666666	1494910800	1494997200	19.8203448275862	20.5385594373866	sensor work day	1
#666666	1494997200	1495083600	20.4612280701754	20.6190403811252	sensor work day	1
#666666	1495083600	1495170000	20.04	20.4276202359347	sensor work day	1
#999999	1495170000	1495256400	19.9724137931035	20.04	sensor day off	1
#999999	1495256400	1495342800	19.6273684210526	20.0209913793103	sensor day off	1
#666666	1495342800	1495429200	19.5414035087719	19.5584482758621	sensor work day	1
#666666	1495429200	1495515600	20.04	20.5933620689655	sensor work day	1
#666666	1495515600	1495602000	19.9048275862069	20.4102790381125	sensor work day	1
#666666	1495602000	1495688400	19.55	19.9647807017544	sensor work day	1
#666666	1495688400	1495774800	19.8766666666667	20.2934482758621	sensor work day	1
#999999	1495774800	1495861200	19.5671929824561	20.0464473684211	sensor day off	1
#999999	1495861200	1495947600	19.5671929824561	19.9804174228675	sensor day off	1
#666666	1495947600	1496034000	19.3303448275862	20.16694646098	sensor work day	1
#666666	1496034000	1496120400	19.8766666666667	20.5088793103448	sensor work day	1
#666666	1496120400	1496206800	20.0146551724138	20.7712068965517	sensor work day	1
#666666	1496206800	1496293200	20.0231034482759	20.6370614035088	sensor work day	1
#666666	1496293200	1496379600	20.04	20.5622368421053	sensor work day	1
#999999	1496379600	1496466000	19.6531578947368	20.0228070175439	sensor day off	1
#999999	1496466000	1496552400	19.55	19.919649122807	sensor day off	1
#666666	1496552400	1496638800	19.6961403508772	20.1496052631579	sensor work day	1
#666666	1496638800	1496725200	20.2463157894737	20.7475431034483	sensor work day	1
#666666	1496725200	1496811600	21.6589655172414	22.3427155172414	sensor work day	1
#666666	1496811600	1496898000	21.51	22.005775862069	sensor work day	1
#666666	1496898000	1496984400	21.2312068965517	22.0037454627949	sensor work day	1
#999999	1496984400	1497070800	20.9608620689655	21.02	sensor day off	1
#999999	1497070800	1497157200	20.8222807017544	20.9966560798548	sensor day off	1
#666666	1497157200	1497243600	21.0884210526316	21.5265517241379	sensor work day	1
#666666	1497243600	1497330000	21.2263157894737	22.1827192982456	sensor work day	1
#666666	1497330000	1497416400	21.51	22.0714564428312	sensor work day	1
#666666	1497416400	1497502800	21.6506896551724	22.0285730490018	sensor work day	1
#666666	1497502800	1497589200	21.7289473684211	22.236111615245	sensor work day	1
#999999	1497589200	1497675600	21.4240350877193	21.51	sensor day off	1
#999999	1497675600	1497762000	21.611052631579	21.9442286751361	sensor day off	1
#666666	1497762000	1497848400	21.6615789473684	22.063122353297	sensor work day	1
#666666	1497848400	1497934800	21.6589655172414	22.8064072897762	sensor work day	1
#666666	1497934800	1498021200	22.2012068965517	23.335350877193	sensor work day	1
#666666	1498021200	1498107600	21.518275862069	22.0406941923775	sensor work day	1
#666666	1498107600	1498194000	21.3036842105263	21.7148275862069	sensor work day	1
#999999	1498194000	1498280400	21.02	21.2091228070175	sensor day off	1
#999999	1498280400	1498366800	21.0453448275862	21.4498245614035	sensor day off	1
#666666	1498366800	1498453200	21.0791379310345	21.8746551724138	sensor work day	1
#666666	1498453200	1498539600	21.5679310344828	21.9136637931034	sensor work day	1
#666666	1498539600	1498626000	21.2312068965517	21.9072413793103	sensor work day	1
#666666	1498626000	1498712400	21.3638596491228	21.6800907441016	sensor work day	1
#666666	1498712400	1498798800	21.0371929824561	21.4800234422263	sensor work day	1
#999999	1498798800	1498885200	21.0028070175439	21.4205149727768	sensor day off	1
#999999	1498885200	1498971600	21.51	21.9773684210526	sensor day off	1
#666666	1498971600	1499058000	21.5184210526316	21.9503266787659	sensor work day	1
#666666	1499058000	1499144400	21.4068421052632	21.9763596491228	sensor work day	1
#666666	1499144400	1499230800	21.9226315789474	22.0714224137931	sensor work day	1
#666666	1499230800	1499317200	21.9403448275862	22.4133771929825	sensor work day	1
#666666	1499317200	1499403600	21.9486206896552	22.2844298245614	sensor work day	1
#999999	1499403600	1499490000	21.518275862069	21.8531578947368	sensor day off	1
#999999	1499490000	1499576400	21.3208771929825	21.51	sensor day off	1
#666666	1499576400	1499662800	21.265	22.4972300362976	sensor work day	1
#666666	1499662800	1499749200	23.4342105263158	23.9922413793103	sensor work day	1
#666666	1499749200	1499835600	21.9987719298246	23.5677155172414	sensor work day	1
#666666	1499835600	1499922000	23.3501724137931	23.9140948275862	sensor work day	1
#666666	1499922000	1500008400	22.97	23.2364912280702	sensor work day	1
#999999	1500008400	1500094800	21.5265517241379	21.9963362068965	sensor day off	1
#999999	1500094800	1500181200	21.51	22.8228221415608	sensor day off	1
#666666	1500181200	1500267600	22.4971929824561	22.97	sensor work day	1
#666666	1500267600	1500354000	21.8131578947368	22.9932327586207	sensor work day	1
#666666	1500354000	1500440400	21.8415517241379	22.3913135208711	sensor work day	1
#666666	1500440400	1500526800	21.7003448275862	22.4329786751361	sensor work day	1
#666666	1500526800	1500613200	21.51	21.99	sensor work day	1
#999999	1500613200	1500699600	21.02	21.4421173623715	sensor day off	1
#999999	1500699600	1500786000	21.02	21.5036637931035	sensor day off	1
#666666	1500786000	1500872400	21.2091228070175	21.996447368421	sensor work day	1
#666666	1500872400	1500958800	21.7003448275862	22.3722413793103	sensor work day	1
#666666	1500958800	1501045200	21.5927586206897	21.9985964912281	sensor work day	1
#666666	1501045200	1501131600	21.5689473684211	22.2374568965517	sensor work day	1
#666666	1501131600	1501218000	21.67	21.9314882032668	sensor work day	1
#999999	1501218000	1501304400	21.0791379310345	21.5015146702964	sensor day off	1
#999999	1501304400	1501390800	21.0622413793103	21.507850877193	sensor day off	1
#666666	1501390800	1501477200	21.3552631578947	22.3110344827586	sensor work day	1
#666666	1501477200	1501563600	21.6424137931035	22.3489035087719	sensor work day	1
#666666	1501563600	1501650000	21.9320689655172	22.4675862068966	sensor work day	1
#666666	1501650000	1501736400	21.99	23.0495175438597	sensor work day	1
#666666	1501736400	1501822800	22.0157894736842	22.6114670296431	sensor work day	1
#999999	1501822800	1501909200	21.5014035087719	21.5638656987296	sensor day off	1
#999999	1501909200	1501995600	21.518275862069	21.95	sensor day off	1
#666666	1501995600	1502082000	21.6008620689655	22.5095689655172	sensor work day	1
#666666	1502082000	1502168400	21.8726315789474	22.6196188747731	sensor work day	1
#666666	1502168400	1502254800	21.9061403508772	22.66375	sensor work day	1
#666666	1502254800	1502341200	21.6010344827586	22.2650877192982	sensor work day	1
#666666	1502341200	1502427600	21.7748275862069	22.4715146702964	sensor work day	1
#999999	1502427600	1502514000	21.269298245614	21.4887681488203	sensor day off	1
#999999	1502514000	1502600400	21.3241379310345	21.5431397459165	sensor day off	1
#666666	1502600400	1502686800	21.6672413793103	21.99	sensor work day	1
#666666	1502686800	1502773200	21.5513793103448	22.0498706896552	sensor work day	1
#666666	1502773200	1502859600	21.51	21.99	sensor work day	1
#666666	1502859600	1502946000	21.1877586206897	22.1638936781609	sensor work day	1
#666666	1502946000	1503032400	21.0453448275862	21.99	sensor work day	1
#999999	1503032400	1503118800	21.3294736842105	21.9521052631579	sensor day off	1
#666666	1503205200	1503291600	21.5743103448276	21.9752631578947	sensor work day	1
#666666	1503291600	1503378000	21.4382456140351	22.232850877193	sensor work day	1
#666666	1503378000	1503464400	21.6194736842105	21.99	sensor work day	1
#666666	1503464400	1503550800	21.6952631578947	22.2049122807018	sensor work day	1
#666666	1503550800	1503637200	21.51	21.875627646703	sensor work day	1
#999999	1503637200	1503723600	21.02	21.0559792800968	sensor day off	1
#999999	1503723600	1503810000	20.9340350877193	21.02	sensor day off	1
#666666	1503810000	1503896400	21.02	21.5596551724138	sensor work day	1
#666666	1503896400	1503982800	21.4928070175439	21.8921415607986	sensor work day	1
#666666	1503982800	1504069200	21.8493103448276	22.2629385964912	sensor work day	1
#666666	1504069200	1504155600	21.3156896551724	22.0727041742287	sensor work day	1
#666666	1504155600	1504242000	21.02	21.5967105263158	sensor work day	1
#999999	1504242000	1504328400	20.7449122807018	21.1953017241379	sensor day off	1
#999999	1504328400	1504414800	20.775	21.02	sensor day off	1
#666666	1504414800	1504501200	21.02	21.1912999092559	sensor work day	1
#666666	1504501200	1504587600	21.02	21.51	sensor work day	1
#666666	1504587600	1504674000	21.4846551724138	21.9509664246824	sensor work day	1
#666666	1504674000	1504760400	21.2950877192982	21.6531578947368	sensor work day	1
#666666	1504760400	1504846800	21.0028070175439	21.5635813672111	sensor work day	1
#999999	1504846800	1504933200	20.5468965517241	21.02	sensor day off	1
#999999	1504933200	1505019600	20.5384482758621	20.7482471264368	sensor day off	1
#666666	1505019600	1505106000	20.7327586206897	21.9480263157895	sensor work day	1
#666666	1505106000	1505192400	21.02	21.8906896551724	sensor work day	1
#666666	1505192400	1505278800	20.5722413793103	21.3775877192982	sensor work day	1
#666666	1505278800	1505365200	20.5557894736842	20.9813157894737	sensor work day	1
#666666	1505365200	1505451600	20.0829824561404	20.6969646098004	sensor work day	1
#999999	1505451600	1505538000	20.2343103448276	20.470602692075	sensor day off	1
#999999	1505538000	1505624400	20.160350877193	20.5532327586207	sensor day off	1
#666666	1505624400	1505710800	20.1160344827586	20.7412068965517	sensor work day	1
#666666	1505710800	1505797200	20.3666666666667	21.7794736842105	sensor work day	1
#666666	1505797200	1505883600	20.1329310344828	20.6952971869329	sensor work day	1
#666666	1505883600	1505970000	20.2427586206897	20.5935843920145	sensor work day	1
#666666	1505970000	1506056400	20.2174137931035	20.6211895039323	sensor work day	1
#999999	1506056400	1506142800	20.04	20.3613679673321	sensor day off	1
#999999	1506142800	1506229200	20.04	20.2742543859649	sensor day off	1
#666666	1506229200	1506315600	20.04	20.775	sensor work day	1
#666666	1506315600	1506402000	20.1244827586207	20.8249614337568	sensor work day	1
#666666	1506402000	1506488400	20.04	20.6292672413793	sensor work day	1
#666666	1506488400	1506574800	20.2934482758621	20.9361403508772	sensor work day	1
#666666	1506574800	1506661200	20.5637931034483	21.3076315789474	sensor work day	1
#999999	1506661200	1506747600	20.5215517241379	20.9899122807018	sensor day off	1
#999999	1506747600	1506834000	20.5215517241379	20.7814473684211	sensor day off	1
#666666	1506834000	1506920400	20.5384482758621	21.1650877192982	sensor work day	1
#666666	1506920400	1507006800	20.9777586206897	21.4208771929825	sensor work day	1
#666666	1507006800	1507093200	20.6847368421053	21.5603070175439	sensor work day	1
#999999	1507266000	1507352400	20.1173684210526	20.5066560798548	sensor day off	1
#999999	1507352400	1507438800	20.3779310344828	20.5215146702964	sensor day off	1
#666666	1507438800	1507525200	20.04	20.0696430732002	sensor work day	1
#666666	1507525200	1507611600	20.04	21.0074387477314	sensor work day	1
#666666	1507611600	1507698000	20.3610344827586	21.5331465517241	sensor work day	1
#666666	1507698000	1507784400	20.1920689655172	20.53	sensor work day	1
#666666	1507784400	1507870800	20.5215517241379	20.7419109195402	sensor work day	1
#999999	1507870800	1507957200	20.2427586206897	20.7672754083485	sensor day off	1
#999999	1507957200	1508043600	20.04	20.0894298245614	sensor day off	1
#666666	1508043600	1508130000	20.2765517241379	21.1578032365396	sensor work day	1
#666666	1508130000	1508216400	20.8087931034483	21.51	sensor work day	1
#666666	1508216400	1508302800	21.3325862068966	21.81	sensor work day	1
#666666	1508302800	1508389200	21.4240350877193	21.9459346642468	sensor work day	1
#666666	1508389200	1508475600	21.0284482758621	21.4107327586207	sensor work day	1
#999999	1508475600	1508562000	21.02	21.4842105263158	sensor day off	1
#999999	1508562000	1508648400	21.02	21.1318844525106	sensor day off	1
#666666	1508648400	1508734800	21.0368965517241	21.5162068965517	sensor work day	1
#666666	1508734800	1508821200	21.4424137931035	21.8771778584392	sensor work day	1
#666666	1508821200	1508907600	21.1551724137931	21.6840086206897	sensor work day	1
#999999	1509080400	1509166800	22.3194827586207	22.48	sensor day off	1
#666666	1509253200	1509339600	21.51	22.2582327586207	sensor work day	1
#666666	1509339600	1509426000	21.505775862069	21.9542105263158	sensor work day	1
#666666	1509426000	1509512400	21.1188596491228	21.5825657894737	sensor work day	1
#666666	1509512400	1509598800	21.1445762711864	22.4291313559322	sensor work day	1
#666666	1509598800	1509685200	21.4799122807018	22.0795043103448	sensor work day	1
#999999	1509685200	1509771600	20.6024347826087	21.1003883091349	sensor day off	1
#666666	1509858000	1509944400	21.3522033898305	21.9592896204549	sensor work day	1
#666666	1509944400	1510030800	21.2776724137931	21.6413577586207	sensor work day	1
#666666	1510030800	1510117200	20.8315384615385	21.5774824663939	sensor work day	1
#666666	1510117200	1510203600	21.51	21.8623202805377	sensor work day	1
#666666	1510203600	1510290000	21.1213793103448	21.5720689655172	sensor work day	1
#999999	1510290000	1510376400	20.53	21.0527370689655	sensor day off	1
#999999	1510376400	1510462800	20.4370689655172	20.7021336206897	sensor day off	1
#666666	1510462800	1510549200	21.2903448275862	21.51	sensor work day	1
#666666	1510549200	1510635600	21.51	21.8245372050817	sensor work day	1
#666666	1510635600	1510722000	21.99	22.48	sensor work day	1
#666666	1510722000	1510808400	22.1533333333333	22.475701754386	sensor work day	1
#666666	1510808400	1510894800	21.994298245614	22.4660307017544	sensor work day	1
#999999	1510894800	1510981200	21.8286206896552	21.99	sensor day off	1
#999999	1510981200	1511067600	21.51	21.7794736842105	sensor day off	1
#666666	1511067600	1511154000	21.2903448275862	21.5257894736842	sensor work day	1
#666666	1511154000	1511240400	21.024298245614	21.9567616191904	sensor work day	1
#666666	1511240400	1511326800	21.5181355932203	21.9889655172414	sensor work day	1
#666666	1511326800	1511413200	21.51	21.9692558983666	sensor work day	1
#666666	1511413200	1511499600	21.7251724137931	22.2134644396552	sensor work day	1
#999999	1511586000	1511672400	21.51	21.9795700998185	sensor day off	1
#666666	1511672400	1511758800	21.7036842105263	21.9843201754386	sensor work day	1
#666666	1511758800	1511845200	21.6068421052632	22.008144661222	sensor work day	1
#666666	1511845200	1511931600	21.99	22.4472629310345	sensor work day	1
#666666	1511931600	1512018000	21.8658620689655	22.1809256189213	sensor work day	1
#666666	1512018000	1512104400	21.9858620689655	22.3082601548802	sensor work day	1
#999999	1512104400	1512190800	21.51	21.5192307692308	sensor day off	1
#666666	1512277200	1512363600	21.51	21.660108892922	sensor work day	1
#666666	1512363600	1512450000	21.518275862069	21.9542139099942	sensor work day	1
#666666	1512450000	1512536400	22.7058260869565	23.4804353546911	sensor work day	1
#666666	1512536400	1512622800	22.48	23.7405716878403	sensor work day	1
#666666	1512622800	1512709200	21.9985964912281	22.112870538415	sensor work day	1
#999999	1512709200	1512795600	21.7878947368421	21.99	sensor day off	1
#999999	1512795600	1512882000	21.6258620689655	21.9816878402904	sensor day off	1
#666666	1512882000	1512968400	21.5773684210526	21.9882456140351	sensor work day	1
#666666	1512968400	1513054800	22.4284210526316	22.9313157894737	sensor work day	1
#666666	1513054800	1513141200	22.2856896551724	22.908453569268	sensor work day	1
#666666	1513141200	1513227600	22.4284210526316	22.7833227465215	sensor work day	1
#666666	1513227600	1513314000	22.0508771929825	22.9256465517241	sensor work day	1
#999999	1513314000	1513400400	21.7913793103448	22.48	sensor day off	1
#999999	1513400400	1513486800	22.0329824561404	22.5122368421053	sensor day off	1
#666666	1513486800	1513573200	22.6777192982456	22.9551043557169	sensor work day	1
#666666	1513573200	1513659600	21.99	22.6617120387175	sensor work day	1
#666666	1513659600	1513746000	22.1758620689655	22.97	sensor work day	1
#666666	1513746000	1513832400	21.9815789473684	22.4078191167574	sensor work day	1
#666666	1513832400	1513918800	21.02	21.473137477314	sensor work day	1
#999999	1513918800	1514005200	20.04	20.3320213248639	sensor day off	1
#999999	1514005200	1514091600	20.0485964912281	20.5787628554144	sensor day off	1
#666666	1514091600	1514178000	20.04	20.53	sensor work day	1
#666666	1514178000	1514264400	20.53	21.0898094373866	sensor work day	1
#666666	1514264400	1514350800	20.6820689655172	21.1593965517241	sensor work day	1
#666666	1514350800	1514437200	20.53	21.013552631579	sensor work day	1
#999999	1514523600	1514610000	20.53	20.5426724137931	sensor day off	1
#999999	1514610000	1514696400	20.53	21.02	sensor day off	1
#666666	1514696400	1514782800	20.53	20.9282917422868	sensor work day	1
#666666	1514782800	1514869200	20.53	21.0007690562613	sensor work day	1
#666666	1514869200	1514955600	20.6761403508772	21.51	sensor work day	1
#666666	1514955600	1515042000	21.9362068965517	22.7314473684211	sensor work day	1
#666666	1515042000	1515128400	22.353275862069	22.9529181790684	sensor work day	1
#999999	1515128400	1515214800	21.5184210526316	21.900474137931	sensor day off	1
#999999	1515214800	1515301200	21.5521052631579	22.0174939503932	sensor day off	1
#666666	1515301200	1515387600	22.2265517241379	22.7966991833031	sensor work day	1
#666666	1515387600	1515474000	22.97	23.27625	sensor work day	1
#666666	1515474000	1515560400	22.9012280701754	23.213369630974	sensor work day	1
#666666	1515560400	1515646800	22.9785964912281	23.4835662431942	sensor work day	1
#666666	1515646800	1515733200	23.2403448275862	23.6548661524501	sensor work day	1
#999999	1515733200	1515819600	22.5813793103448	22.9144192377496	sensor day off	1
#999999	1515819600	1515906000	21.99	22.4633257713249	sensor day off	1
#666666	1515906000	1515992400	21.7681034482759	22.6118617664852	sensor work day	1
#666666	1515992400	1516078800	23.096724137931	23.8470644283122	sensor work day	1
#666666	1516078800	1516165200	22.97	23.46	sensor work day	1
#666666	1516165200	1516251600	23.2403448275862	23.7888157894737	sensor work day	1
#666666	1516251600	1516338000	22.9108620689655	23.5115789473684	sensor work day	1
#999999	1516338000	1516424400	22.4370175438597	22.8678425589837	sensor day off	1
#999999	1516424400	1516510800	22.2221052631579	22.6362931034483	sensor day off	1
#666666	1516510800	1516597200	22.606724137931	22.9893421052632	sensor work day	1
#666666	1516597200	1516683600	22.5306896551724	22.967850877193	sensor work day	1
#666666	1516683600	1516770000	22.6574137931034	23.2857728372656	sensor work day	1
#666666	1516770000	1516856400	22.8324561403509	23.4493284936479	sensor work day	1
#666666	1516856400	1516942800	23.1136206896552	23.46	sensor work day	1
#999999	1516942800	1517029200	22.4971929824561	22.9404310344828	sensor day off	1
#999999	1517029200	1517115600	22.2265517241379	22.8453879310345	sensor day off	1
#666666	1517115600	1517202000	22.5137931034483	23.0844963702359	sensor work day	1
#666666	1517202000	1517288400	22.97	23.0774561403509	sensor work day	1
#666666	1517288400	1517374800	22.9784482758621	23.46	sensor work day	1
#666666	1517374800	1517461200	23.46	23.7589133393829	sensor work day	1
#666666	1517461200	1517547600	23.5631578947368	24.0831715063521	sensor work day	1
#999999	1517547600	1517634000	22.6777192982456	23.4299122807018	sensor day off	1
#999999	1517634000	1517720400	22.9362068965517	23.0081284029038	sensor day off	1
#666666	1517720400	1517806800	23.4262068965517	24.0516016333938	sensor work day	1
#666666	1517806800	1517893200	23.46	24.200039322444	sensor work day	1
#666666	1517893200	1517979600	23.1643103448276	23.7866666666667	sensor work day	1
#666666	1517979600	1518066000	23.3163793103448	23.6077336660617	sensor work day	1
#666666	1518066000	1518152400	23.46	23.8735208711434	sensor work day	1
#999999	1518152400	1518238800	22.5573684210526	23.1138059588627	sensor day off	1
#999999	1518238800	1518325200	22.1017543859649	22.5539224137931	sensor day off	1
#666666	1518325200	1518411600	22.9784482758621	23.46	sensor work day	1
#666666	1518411600	1518498000	23.4431034482759	23.76625	sensor work day	1
#666666	1518498000	1518584400	23.46	23.8446929824561	sensor work day	1
#666666	1518584400	1518670800	23.8739655172414	24.2807055353902	sensor work day	1
#666666	1518670800	1518757200	23.9837931034483	24.3566288566243	sensor work day	1
#999999	1518757200	1518843600	22.5057894736842	23.0043489110708	sensor day off	1
#999999	1518843600	1518930000	22.5573684210526	23.8393572292801	sensor day off	1
#666666	1518930000	1519016400	23.3052631578947	24.2229385964912	sensor work day	1
#666666	1519016400	1519102800	24.0187719298246	24.4209913793104	sensor work day	1
#666666	1519102800	1519189200	23.9414035087719	24.2942672413793	sensor work day	1
#666666	1519189200	1519275600	23.46	23.6529764065336	sensor work day	1
#666666	1519275600	1519362000	22.48	23.3797413793103	sensor work day	1
#999999	1519362000	1519448400	22.97	23.2487931034483	sensor day off	1
#999999	1519448400	1519534800	22.8939655172414	22.97	sensor day off	1
#666666	1519534800	1519621200	23.0043859649123	23.5051315789474	sensor work day	1
#666666	1519621200	1519707600	23.823275862069	24.8870175438597	sensor work day	1
#666666	1519707600	1519794000	24.0273684210526	24.7981994857834	sensor work day	1
#666666	1519794000	1519880400	22.9953448275862	23.4980172413793	sensor work day	1
#666666	1519880400	1519966800	23.333275862069	23.9498888384755	sensor work day	1
#999999	1519966800	1520053200	22.8066666666667	23.0085730490018	sensor day off	1
#999999	1520053200	1520139600	22.7808771929825	23.0903879310345	sensor day off	1
#666666	1520139600	1520226000	23.215	23.6648706896552	sensor work day	1
#666666	1520226000	1520312400	23.3670689655172	23.8532894736842	sensor work day	1
#666666	1520312400	1520398800	23.7979310344828	24.0080263157895	sensor work day	1
#666666	1520398800	1520485200	23.1591228070175	23.9162068965517	sensor work day	1
#666666	1520485200	1520571600	23.0473684210526	23.4388793103448	sensor work day	1
#999999	1520571600	1520658000	22.97	23.3501724137931	sensor day off	1
#999999	1520658000	1520744400	22.4293103448276	22.8849984875983	sensor day off	1
#666666	1520744400	1520830800	23.2487931034483	23.6336343012704	sensor work day	1
#666666	1520830800	1520917200	23.1136206896552	23.8382456140351	sensor work day	1
#666666	1520917200	1521003600	23.0122413793103	23.9373275862069	sensor work day	1
#666666	1521003600	1521090000	23.1474137931034	24.0746120689655	sensor work day	1
#666666	1521090000	1521176400	23.5275862068966	24.3808620689655	sensor work day	1
#999999	1521176400	1521262800	22.97	23.7114473684211	sensor day off	1
#999999	1521262800	1521349200	22.7722807017544	23.4191666666667	sensor day off	1
#666666	1521349200	1521435600	23.0037931034483	23.9923154869933	sensor work day	1
#666666	1521435600	1521522000	23.46	24.0028017241379	sensor work day	1
#666666	1521522000	1521608400	23.831724137931	24.4083189655172	sensor work day	1
#666666	1521608400	1521694800	23.9757894736842	24.5375257108288	sensor work day	1
#666666	1521694800	1521781200	24.2164912280702	24.5772844827586	sensor work day	1
#999999	1521781200	1521867600	23.0215789473684	23.46	sensor day off	1
#999999	1521867600	1521954000	23.3670689655172	23.7066674228675	sensor day off	1
#666666	1521954000	1522040400	23.5360344827586	25.0868859649123	sensor work day	1
#666666	1522040400	1522126800	23.9415517241379	24.925775862069	sensor work day	1
#666666	1522126800	1522213200	24.0851724137931	24.7049720205687	sensor work day	1
#666666	1522213200	1522299600	24.44	24.870602692075	sensor work day	1
#666666	1522299600	1522386000	23.9246551724138	23.9795689655172	sensor work day	1
#999999	1522386000	1522472400	23.6965517241379	23.9563362068966	sensor day off	1
#999999	1522472400	1522558800	23.4342105263158	23.7979310344828	sensor day off	1
#666666	1522558800	1522645200	23.8570689655172	23.95	sensor work day	1
#666666	1522645200	1522731600	23.9328070175439	24.4143216878403	sensor work day	1
#666666	1522731600	1522818000	23.95	24.312386569873	sensor work day	1
#666666	1522818000	1522904400	23.95	24.3386206896552	sensor work day	1
#666666	1522904400	1522990800	24.0006896551724	24.6635087719298	sensor work day	1
#999999	1522990800	1523077200	23.5201754385965	23.9886842105263	sensor day off	1
#999999	1523077200	1523163600	23.4768965517241	23.95	sensor day off	1
#666666	1523163600	1523250000	23.9671929824561	24.44	sensor work day	1
#666666	1523250000	1523336400	24.2508771929825	24.5878448275862	sensor work day	1
#666666	1523336400	1523422800	23.95	24.3144986388385	sensor work day	1
#666666	1523422800	1523509200	23.5022413793103	24.0572708711434	sensor work day	1
#666666	1523509200	1523595600	22.4971929824561	23.2499047186933	sensor work day	1
#999999	1523595600	1523682000	21.7665517241379	21.99	sensor day off	1
#999999	1523682000	1523768400	21.51	21.7996551724138	sensor day off	1
#666666	1523768400	1523854800	21.8741379310345	22.1893496672716	sensor work day	1
#666666	1523854800	1523941200	21.8217543859649	22.0547368421053	sensor work day	1
#666666	1523941200	1524027600	21.0368965517241	22.1284800362976	sensor work day	1
