fill	x	y	showSelectedlegendfill	PANEL
#666666	1449507600	23.4811947973382	sensor work day	1
#666666	1449594000	23.2322670901391	sensor work day	1
#666666	1449680400	23.6615728977616	sensor work day	1
#666666	1449766800	23.6374137931035	sensor work day	1
#999999	1449853200	23.4943859649123	sensor day off	1
#999999	1449939600	23.3955263157895	sensor day off	1
#666666	1450026000	23.8993103448276	sensor work day	1
#666666	1450112400	23.335350877193	sensor work day	1
#666666	1450198800	23.8124561403509	sensor work day	1
#666666	1450285200	23.2530172413793	sensor work day	1
#666666	1450371600	23.3490170940171	sensor work day	1
#999999	1450458000	22.2916501976285	sensor day off	1
#999999	1450544400	23.2945175438597	sensor day off	1
#999999	1450630800	23.4367672413793	sensor day off	1
#999999	1450717200	23.2774056603774	sensor day off	1
#999999	1450803600	23.1507404129794	sensor day off	1
#999999	1450890000	22.6762019230769	sensor day off	1
#999999	1450976400	21.3937440366972	sensor day off	1
#999999	1451062800	22.2857894736842	sensor day off	1
#999999	1451149200	21.7949541284404	sensor day off	1
#999999	1451235600	21.2686434511435	sensor day off	1
#999999	1451322000	20.9071905901116	sensor day off	1
#999999	1451408400	20.7519187554019	sensor day off	1
#999999	1451494800	21.0216109000584	sensor day off	1
#999999	1451581200	21.0701869652985	sensor day off	1
#999999	1451667600	22.2303967391304	sensor day off	1
#999999	1451754000	22.3125492539476	sensor day off	1
#666666	1451840400	22.4989370251315	sensor work day	1
#666666	1451926800	23.5995207910751	sensor work day	1
#666666	1452013200	23.4672058823529	sensor work day	1
#666666	1452099600	23.7549607843137	sensor work day	1
#666666	1452186000	23.95	sensor work day	1
#999999	1452272400	23.7122058823529	sensor day off	1
#999999	1452358800	22.7474662162162	sensor day off	1
#666666	1452445200	23.4136486486487	sensor work day	1
#666666	1452531600	23.5059375	sensor work day	1
#666666	1452618000	23.6374137931035	sensor work day	1
#666666	1452704400	23.3826315789474	sensor work day	1
#666666	1452790800	23.1720175438597	sensor work day	1
#999999	1452877200	22.4419827586207	sensor day off	1
#999999	1452963600	22.1015426497278	sensor day off	1
#666666	1453050000	23.1896551724138	sensor work day	1
#666666	1453136400	23.9668965517241	sensor work day	1
#666666	1453222800	23.8950120992136	sensor work day	1
#666666	1453309200	23.455775862069	sensor work day	1
#666666	1453395600	23.2656896551724	sensor work day	1
#999999	1453482000	22.7980701754386	sensor day off	1
#999999	1453568400	22.6580066545675	sensor day off	1
#666666	1453654800	23.464224137931	sensor work day	1
#666666	1453741200	23.0847928009679	sensor work day	1
#666666	1453827600	23.9288052026618	sensor work day	1
#666666	1453914000	23.703369630974	sensor work day	1
#666666	1454000400	24.0983635813672	sensor work day	1
#999999	1454086800	23.8339473684211	sensor day off	1
#999999	1454173200	24.4520054446461	sensor day off	1
#666666	1454259600	23.9628947368421	sensor work day	1
#666666	1454346000	24.2055973986691	sensor work day	1
#666666	1454432400	24.2822247428917	sensor work day	1
#666666	1454518800	24.1759543254688	sensor work day	1
#666666	1454605200	23.9671929824561	sensor work day	1
#999999	1454691600	23.5275862068966	sensor day off	1
#999999	1454778000	23.2321929824561	sensor day off	1
#666666	1454864400	23.7307894736842	sensor work day	1
#666666	1454950800	23.3797413793103	sensor work day	1
#666666	1455037200	23.8124561403509	sensor work day	1
#666666	1455123600	23.3157864488808	sensor work day	1
#666666	1455210000	23.95	sensor work day	1
#999999	1455296400	23.9585964912281	sensor day off	1
#999999	1455382800	24.3085329703569	sensor day off	1
#666666	1455469200	24.5087719298246	sensor work day	1
#666666	1455555600	24.3500332728373	sensor work day	1
#666666	1455642000	24.6681034482759	sensor work day	1
#666666	1455728400	24.0988823351482	sensor work day	1
#666666	1455814800	24.7236842105263	sensor work day	1
#999999	1455901200	23.0375862068966	sensor day off	1
#999999	1455987600	24.0187719298246	sensor day off	1
#666666	1456074000	24.7193859649123	sensor work day	1
#666666	1456160400	24.4484482758621	sensor work day	1
#666666	1456246800	23.9688822575892	sensor work day	1
#666666	1456333200	23.4579237288136	sensor work day	1
#666666	1456419600	24.4209913793103	sensor work day	1
#999999	1456506000	23.4937931034483	sensor day off	1
#999999	1456592400	22.97	sensor day off	1
#666666	1456678800	23.7430172413793	sensor work day	1
#666666	1456765200	23.9183189655172	sensor work day	1
#666666	1456851600	23.8669130434783	sensor work day	1
#666666	1456938000	24.3504779189353	sensor work day	1
#666666	1457024400	24.0492672413793	sensor work day	1
#999999	1457110800	23.5513006654567	sensor day off	1
#999999	1457197200	24.0453002248876	sensor day off	1
#666666	1457283600	24.0777986993345	sensor work day	1
#666666	1457370000	24.2199001814882	sensor work day	1
#666666	1457456400	23.8305428112215	sensor work day	1
#666666	1457542800	23.9880172413793	sensor work day	1
#666666	1457629200	24.1932584694495	sensor work day	1
#999999	1457715600	23.3353879310345	sensor day off	1
#999999	1457802000	22.97	sensor day off	1
#666666	1457888400	23.6202311212815	sensor work day	1
#666666	1457974800	23.9754182908546	sensor work day	1
#666666	1458061200	23.82453569268	sensor work day	1
#666666	1458147600	23.7866666666667	sensor work day	1
#666666	1458234000	24.374525862069	sensor work day	1
#999999	1458320400	24.0897300362976	sensor day off	1
#999999	1458406800	23.9375423728814	sensor day off	1
#666666	1458493200	24.4308106473079	sensor work day	1
#666666	1458579600	24.4780172413793	sensor work day	1
#666666	1458666000	24.1821052631579	sensor work day	1
#666666	1458752400	23.4922368421053	sensor work day	1
#666666	1458838800	22.9119736842105	sensor work day	1
#999999	1458925200	24.0166228070175	sensor day off	1
#999999	1459011600	23.4492543859649	sensor day off	1
#666666	1459098000	22.97	sensor work day	1
#666666	1459184400	24.44	sensor work day	1
#666666	1459270800	24.3825665456745	sensor work day	1
#666666	1459357200	23.5825	sensor work day	1
#666666	1459443600	24.0244041137326	sensor work day	1
#999999	1459530000	22.97	sensor day off	1
#999999	1459616400	22.97	sensor day off	1
#666666	1459702800	23.8833771929825	sensor work day	1
#666666	1459789200	24.0243999250375	sensor work day	1
#666666	1459875600	24.2752586206897	sensor work day	1
#666666	1459962000	23.7852586206897	sensor work day	1
#666666	1460048400	23.7174557913351	sensor work day	1
#999999	1460134800	23.700775862069	sensor day off	1
#999999	1460221200	23.95	sensor day off	1
#666666	1460307600	23.95	sensor work day	1
#666666	1460394000	23.6057293930175	sensor work day	1
#666666	1460480400	24.3576293103448	sensor work day	1
#666666	1460566800	24.0931761866452	sensor work day	1
#666666	1460653200	23.9982381201957	sensor work day	1
#999999	1460739600	22.9998260869565	sensor day off	1
#999999	1460826000	23.852	sensor day off	1
#666666	1460912400	24.0540891346779	sensor work day	1
#666666	1460998800	24.6360518753781	sensor work day	1
#666666	1461085200	24.9603470961888	sensor work day	1
#666666	1461171600	24.5730603448276	sensor work day	1
#666666	1461258000	23.5529310344828	sensor work day	1
#999999	1461344400	22.9678879310345	sensor day off	1
#999999	1461430800	22.484298245614	sensor day off	1
#666666	1461517200	22.7851754385965	sensor work day	1
#666666	1461603600	22.5423245614035	sensor work day	1
#666666	1461690000	22.477850877193	sensor work day	1
#666666	1461776400	22.0114171203872	sensor work day	1
#666666	1461862800	22.0263868723533	sensor work day	1
#999999	1461949200	21.6738260869565	sensor day off	1
#999999	1462035600	21.9465517241379	sensor day off	1
#666666	1462122000	21.99	sensor work day	1
#666666	1462208400	22.1355537697253	sensor work day	1
#666666	1462294800	21.8076943308007	sensor work day	1
#666666	1462381200	22.48	sensor work day	1
#666666	1462467600	22.5030537697253	sensor work day	1
#999999	1462554000	21.8233461887477	sensor day off	1
#999999	1462640400	21.6064617362371	sensor day off	1
#666666	1462726800	22.1791228070175	sensor work day	1
#666666	1462813200	22.48	sensor work day	1
#666666	1462899600	22.48	sensor work day	1
#666666	1462986000	22.7036956521739	sensor work day	1
#666666	1463072400	22.6102177858439	sensor work day	1
#999999	1463158800	21.9137068965517	sensor day off	1
#999999	1463245200	21.8986842105263	sensor day off	1
#666666	1463331600	21.531052631579	sensor work day	1
#666666	1463418000	21.99	sensor work day	1
#666666	1463504400	22.0005603448276	sensor work day	1
#666666	1463590800	22.1010133091349	sensor work day	1
#666666	1463677200	22.2455603448276	sensor work day	1
#999999	1463763600	22.0877752571083	sensor day off	1
#999999	1463850000	22.4735526315789	sensor day off	1
#666666	1463936400	21.4497523378141	sensor work day	1
#666666	1464022800	22.48	sensor work day	1
#666666	1464109200	22.3996302177858	sensor work day	1
#666666	1464195600	22.1684051724138	sensor work day	1
#666666	1464282000	22.3591345577211	sensor work day	1
#999999	1464368400	21.51	sensor day off	1
#999999	1464454800	22.4197881355932	sensor day off	1
#666666	1464541200	22.48	sensor work day	1
#666666	1464627600	22.6205713033314	sensor work day	1
#666666	1464714000	22.48	sensor work day	1
#666666	1464800400	22.0639355639977	sensor work day	1
#666666	1464886800	22.4778879310345	sensor work day	1
#999999	1464973200	21.5348275862069	sensor day off	1
#999999	1465059600	21.7881465517241	sensor day off	1
#666666	1465146000	22.051842861464	sensor work day	1
#666666	1465232400	22.48	sensor work day	1
#666666	1465318800	22.2629130434783	sensor work day	1
#666666	1465405200	22.2666810344828	sensor work day	1
#666666	1465491600	22.5391379310345	sensor work day	1
#999999	1465578000	21.5927760133091	sensor day off	1
#999999	1465664400	21.8394298245614	sensor day off	1
#666666	1465750800	21.99	sensor work day	1
#666666	1465837200	22.246154408345	sensor work day	1
#666666	1465923600	22.3254913294798	sensor work day	1
#666666	1466010000	22.48	sensor work day	1
#666666	1466096400	22.6549435370034	sensor work day	1
#999999	1466182800	21.6227914614122	sensor day off	1
#999999	1466269200	21.6411931818182	sensor day off	1
#666666	1466355600	22.4353250528541	sensor work day	1
#666666	1466442000	22.3927011494253	sensor work day	1
#666666	1466528400	22.2207454545455	sensor work day	1
#666666	1466614800	21.9921970155273	sensor work day	1
#666666	1466701200	21.4600892316999	sensor work day	1
#999999	1466787600	21.0270729751403	sensor day off	1
#999999	1466874000	21.3999137931034	sensor day off	1
#666666	1466960400	21.0918103448276	sensor work day	1
#666666	1467046800	21.7732471264368	sensor work day	1
#666666	1467133200	21.9211494252874	sensor work day	1
#666666	1467219600	21.7973015165031	sensor work day	1
#666666	1467306000	21.138275862069	sensor work day	1
#999999	1467392400	20.7231987295826	sensor day off	1
#999999	1467478800	20.9466333938294	sensor day off	1
#666666	1467565200	21.4944219653179	sensor work day	1
#666666	1467651600	22.2040229885058	sensor work day	1
#666666	1467738000	22.5860782544774	sensor work day	1
#666666	1467824400	21.9583045977011	sensor work day	1
#666666	1467910800	21.3660415406332	sensor work day	1
#999999	1467997200	20.479492905938	sensor day off	1
#999999	1468083600	20.2005172413793	sensor day off	1
#666666	1468170000	20.4429264367816	sensor work day	1
#666666	1468256400	20.9293380021142	sensor work day	1
#666666	1468342800	21.2118975599919	sensor work day	1
#666666	1468429200	21.431862817583	sensor work day	1
#666666	1468515600	20.4148860657391	sensor work day	1
#999999	1468602000	19.6401149425287	sensor day off	1
#999999	1468688400	19.7809195402299	sensor day off	1
#666666	1468774800	20.2082738455334	sensor work day	1
#666666	1468861200	20.7794245779041	sensor work day	1
#666666	1468947600	20.5757728813559	sensor work day	1
#666666	1469034000	20.9530523255814	sensor work day	1
#666666	1469120400	20.04	sensor work day	1
#999999	1469206800	19.7400862068966	sensor day off	1
#999999	1469293200	20.1456034482759	sensor day off	1
#666666	1469379600	20.7447976608187	sensor work day	1
#666666	1469466000	20.6617996524993	sensor work day	1
#666666	1469552400	20.7844610808631	sensor work day	1
#666666	1469638800	20.9293416011293	sensor work day	1
#666666	1469725200	20.4775105861003	sensor work day	1
#999999	1469811600	20.6519418944648	sensor day off	1
#999999	1469898000	21.0507226874003	sensor day off	1
#666666	1469984400	21.51	sensor work day	1
#666666	1470070800	22.3082924984876	sensor work day	1
#666666	1470157200	21.9942	sensor work day	1
#666666	1470243600	22.1133804464047	sensor work day	1
#666666	1470330000	22.0719616443068	sensor work day	1
#999999	1470416400	22.3023391812866	sensor day off	1
#999999	1470502800	21.6589655172414	sensor day off	1
#666666	1470589200	21.9306439037505	sensor work day	1
#666666	1470675600	21.9972171808832	sensor work day	1
#666666	1470762000	22.4715517241379	sensor work day	1
#666666	1470848400	21.4987719298246	sensor work day	1
#666666	1470934800	21.3117251461988	sensor work day	1
#999999	1471021200	20.9950257108288	sensor day off	1
#999999	1471107600	21.4029128856624	sensor day off	1
#666666	1471194000	21.6915517241379	sensor work day	1
#666666	1471280400	21.9958771929825	sensor work day	1
#666666	1471366800	21.4305263157895	sensor work day	1
#666666	1471453200	21.9238793103448	sensor work day	1
#666666	1471539600	21.5224137931035	sensor work day	1
#999999	1471626000	21.3408620689655	sensor day off	1
#999999	1471712400	21.1011479128857	sensor day off	1
#666666	1471798800	21.5154325468845	sensor work day	1
#666666	1471885200	22.2888097398669	sensor work day	1
#666666	1471971600	22.4240486993345	sensor work day	1
#666666	1472058000	22.2730172413793	sensor work day	1
#666666	1472144400	22.475701754386	sensor work day	1
#999999	1472230800	22.1040517241379	sensor day off	1
#999999	1472317200	21.51	sensor day off	1
#666666	1472403600	22.2659649122807	sensor work day	1
#666666	1472490000	22.4927465214761	sensor work day	1
#666666	1472576400	22.8798109497883	sensor work day	1
#666666	1472662800	23.0121672716273	sensor work day	1
#666666	1472749200	22.4419827586207	sensor work day	1
#999999	1472835600	22.1526149425287	sensor day off	1
#999999	1472922000	21.9280172413793	sensor day off	1
#666666	1473008400	21.5015517241379	sensor work day	1
#666666	1473094800	21.9985223835451	sensor work day	1
#666666	1473181200	22.2953236539625	sensor work day	1
#666666	1473267600	22.3912931034483	sensor work day	1
#666666	1473354000	22.48	sensor work day	1
#999999	1473440400	22.3983333333333	sensor day off	1
#999999	1473526800	21.8636842105263	sensor day off	1
#666666	1473613200	22.1098457350272	sensor work day	1
#666666	1473699600	21.9985964912281	sensor work day	1
#666666	1473786000	22.4462068965517	sensor work day	1
#666666	1473872400	22.1967543859649	sensor work day	1
#666666	1473958800	22.7017301875378	sensor work day	1
#999999	1474045200	22.0071929824561	sensor day off	1
#999999	1474131600	22.0243859649123	sensor day off	1
#666666	1474218000	22.3295614035088	sensor work day	1
#666666	1474304400	22.48	sensor work day	1
#666666	1474390800	22.6433333333333	sensor work day	1
#666666	1474477200	22.4026315789474	sensor work day	1
#666666	1474563600	22.1049410163339	sensor work day	1
#999999	1474650000	21.8693784029038	sensor day off	1
#999999	1474736400	21.99	sensor day off	1
#666666	1474822800	22.3177782819117	sensor work day	1
#666666	1474909200	22.4885964912281	sensor work day	1
#666666	1474995600	22.48	sensor work day	1
#666666	1475082000	22.7579038112523	sensor work day	1
#666666	1475168400	22.97	sensor work day	1
#999999	1475254800	22.353275862069	sensor day off	1
#999999	1475341200	22.0839655172414	sensor day off	1
#666666	1475427600	22.48	sensor work day	1
#666666	1475514000	22.4281246218996	sensor work day	1
#666666	1475600400	22.475775862069	sensor work day	1
#666666	1475686800	22.3749137931034	sensor work day	1
#666666	1475773200	22.48	sensor work day	1
#999999	1475859600	21.6836282516636	sensor day off	1
#999999	1475946000	21.1254310344828	sensor day off	1
#666666	1476032400	21.99	sensor work day	1
#666666	1476118800	22.0071929824561	sensor work day	1
#666666	1476205200	22.4714776164549	sensor work day	1
#666666	1476291600	22.4200877192982	sensor work day	1
#666666	1476378000	21.9155172413793	sensor work day	1
#999999	1476464400	21.8688838475499	sensor day off	1
#999999	1476550800	21.7426406533575	sensor day off	1
#666666	1476637200	21.99	sensor work day	1
#666666	1476723600	23.0473684210526	sensor work day	1
#666666	1476810000	23.0215789473684	sensor work day	1
#666666	1476896400	22.9270175438597	sensor work day	1
#666666	1476982800	23.0516666666667	sensor work day	1
#999999	1477069200	22.3490517241379	sensor day off	1
#999999	1477155600	21.6962068965517	sensor day off	1
#666666	1477242000	21.8060843920145	sensor work day	1
#666666	1477328400	21.99	sensor work day	1
#666666	1477414800	21.931778584392	sensor work day	1
#666666	1477501200	21.9942377495463	sensor work day	1
#666666	1477587600	21.99	sensor work day	1
#999999	1477674000	21.9073275862069	sensor day off	1
#999999	1477760400	21.024372353297	sensor day off	1
#666666	1477846800	21.9227192982456	sensor work day	1
#666666	1477933200	21.99	sensor work day	1
#666666	1478019600	22.8812931034483	sensor work day	1
#666666	1478106000	22.1614110707804	sensor work day	1
#666666	1478192400	22.48	sensor work day	1
#999999	1478278800	21.9268421052632	sensor day off	1
#999999	1478365200	21.3774137931035	sensor day off	1
#666666	1478451600	21.9984482758621	sensor work day	1
#666666	1478538000	22.6852782819117	sensor work day	1
#666666	1478624400	22.3701724137931	sensor work day	1
#666666	1478710800	22.2434482758621	sensor work day	1
#666666	1478797200	22.484298245614	sensor work day	1
#999999	1478883600	21.6885344827586	sensor day off	1
#999999	1478970000	22.0114912280702	sensor day off	1
#666666	1479056400	22.48	sensor work day	1
#666666	1479142800	22.475775862069	sensor work day	1
#666666	1479229200	22.48	sensor work day	1
#666666	1479315600	22.1739957652753	sensor work day	1
#666666	1479402000	22.0575862068966	sensor work day	1
#999999	1479488400	21.8948275862069	sensor day off	1
#999999	1479574800	21.0833620689655	sensor day off	1
#666666	1479661200	21.9774410163339	sensor work day	1
#666666	1479747600	22.200701754386	sensor work day	1
#666666	1479834000	22.7376724137931	sensor work day	1
#666666	1479920400	23.5152102238355	sensor work day	1
#666666	1480006800	23.95	sensor work day	1
#999999	1480093200	23.1447459165154	sensor day off	1
#999999	1480179600	22.8686206896552	sensor day off	1
#666666	1480266000	23.4385087719298	sensor work day	1
#666666	1480352400	24.0098790078645	sensor work day	1
#666666	1480438800	24.0816893526921	sensor work day	1
#666666	1480525200	23.46	sensor work day	1
#666666	1480611600	23.6190350877193	sensor work day	1
#999999	1480698000	23.1009482758621	sensor day off	1
#999999	1480784400	23.7445735027223	sensor day off	1
#666666	1480870800	23.95	sensor work day	1
#666666	1480957200	24.0186978221416	sensor work day	1
#666666	1481043600	23.5502631578947	sensor work day	1
#666666	1481130000	23.4986842105263	sensor work day	1
#666666	1481216400	23.95	sensor work day	1
#999999	1481302800	23.4768965517241	sensor day off	1
#999999	1481389200	23.5069101633394	sensor day off	1
#666666	1481475600	23.46	sensor work day	1
#666666	1481562000	23.7159679370841	sensor work day	1
#666666	1481648400	24.0574561403509	sensor work day	1
#666666	1481734800	23.3797413793103	sensor work day	1
#666666	1481821200	23.3747761645493	sensor work day	1
#999999	1481907600	23.3961932849365	sensor day off	1
#999999	1481994000	23.3752208106473	sensor day off	1
#666666	1482080400	23.464224137931	sensor work day	1
#666666	1482166800	23.5578221415608	sensor work day	1
#666666	1482253200	23.95	sensor work day	1
#666666	1482339600	23.46	sensor work day	1
#666666	1482426000	23.0713793103448	sensor work day	1
#999999	1482512400	23.464224137931	sensor day off	1
#999999	1482598800	23.46	sensor day off	1
#666666	1482685200	22.5466969147005	sensor work day	1
#666666	1482771600	22.4885964912281	sensor work day	1
#666666	1482858000	22.48	sensor work day	1
#666666	1482944400	22.8853690260133	sensor work day	1
#666666	1483030800	22.5573684210526	sensor work day	1
#999999	1483117200	22.9868965517241	sensor day off	1
#999999	1483203600	23.46	sensor day off	1
#666666	1483290000	23.086052631579	sensor work day	1
#666666	1483376400	23.4128675136116	sensor work day	1
#666666	1483462800	23.455775862069	sensor work day	1
#666666	1483549200	23.46	sensor work day	1
#666666	1483635600	23.5450015124017	sensor work day	1
#999999	1483722000	23.4259845735027	sensor day off	1
#999999	1483808400	22.850983061101	sensor day off	1
#666666	1483894800	23.332090139141	sensor work day	1
#666666	1483981200	23.4431034482759	sensor work day	1
#666666	1484067600	23.9119827586207	sensor work day	1
#666666	1484154000	23.8855263157895	sensor work day	1
#666666	1484240400	24.0604204476709	sensor work day	1
#999999	1484326800	23.3875967937084	sensor day off	1
#999999	1484413200	23.1490441621295	sensor day off	1
#666666	1484499600	23.8738914095584	sensor work day	1
#666666	1484586000	23.95	sensor work day	1
#666666	1484672400	23.95	sensor work day	1
#666666	1484758800	23.6052510586812	sensor work day	1
#666666	1484845200	23.4170175438597	sensor work day	1
#999999	1484931600	23.3052631578947	sensor day off	1
#999999	1485018000	22.7503448275862	sensor day off	1
#666666	1485104400	23.46	sensor work day	1
#666666	1485190800	23.3138596491228	sensor work day	1
#666666	1485277200	23.6348200241984	sensor work day	1
#666666	1485363600	23.9585223835451	sensor work day	1
#666666	1485450000	23.9113157894737	sensor work day	1
#999999	1485536400	22.8348275862069	sensor day off	1
#999999	1485622800	22.723221415608	sensor day off	1
#666666	1485709200	23.3955263157895	sensor work day	1
#666666	1485795600	23.4986101028433	sensor work day	1
#666666	1485882000	23.8819691470054	sensor work day	1
#666666	1485968400	23.7737719298246	sensor work day	1
#666666	1486054800	23.95	sensor work day	1
#999999	1486141200	23.2407894736842	sensor day off	1
#999999	1486227600	22.5616666666667	sensor day off	1
#666666	1486314000	23.1320735027223	sensor work day	1
#666666	1486400400	22.9914912280702	sensor work day	1
#666666	1486486800	23.8479537205082	sensor work day	1
#666666	1486573200	23.3742574107683	sensor work day	1
#666666	1486659600	23.464298245614	sensor work day	1
#999999	1486746000	23.3543965517241	sensor day off	1
#999999	1486832400	22.974224137931	sensor day off	1
#666666	1486918800	23.6577192982456	sensor work day	1
#666666	1487005200	23.95	sensor work day	1
#666666	1487091600	24.0488596491228	sensor work day	1
#666666	1487178000	23.9756412583182	sensor work day	1
#666666	1487264400	24.44	sensor work day	1
#999999	1487350800	23.954298245614	sensor day off	1
#999999	1487437200	23.95	sensor day off	1
#666666	1487523600	23.9627465214761	sensor work day	1
#666666	1487610000	23.9713430127042	sensor work day	1
#666666	1487696400	23.4008620689655	sensor work day	1
#666666	1487782800	23.5931715063521	sensor work day	1
#666666	1487869200	23.9584482758621	sensor work day	1
#999999	1487955600	23.455701754386	sensor day off	1
#999999	1488042000	23.8950862068966	sensor day off	1
#666666	1488128400	24.1147413793103	sensor work day	1
#666666	1488214800	23.6712068965517	sensor work day	1
#666666	1488301200	23.464298245614	sensor work day	1
#666666	1488387600	24.0049137931035	sensor work day	1
#666666	1488474000	23.46	sensor work day	1
#999999	1488560400	23.5022413793104	sensor day off	1
#999999	1488646800	23.5744963702359	sensor day off	1
#666666	1488733200	23.8950862068966	sensor work day	1
#666666	1488819600	23.8478055051422	sensor work day	1
#666666	1488906000	24.4058363581367	sensor work day	1
#666666	1488992400	23.5374425287356	sensor work day	1
#666666	1489078800	23.7345689655172	sensor work day	1
#999999	1489165200	23.46	sensor day off	1
#999999	1489251600	23.4256140350877	sensor day off	1
#666666	1489338000	23.46	sensor work day	1
#666666	1489424400	23.7866666666667	sensor work day	1
#666666	1489510800	23.46	sensor work day	1
#666666	1489597200	23.8781896551724	sensor work day	1
#666666	1489683600	23.5072807017544	sensor work day	1
#999999	1489770000	22.97	sensor day off	1
#999999	1489856400	23.5064655172414	sensor day off	1
#666666	1489942800	23.3566938898972	sensor work day	1
#666666	1490029200	23.6878070175439	sensor work day	1
#666666	1490115600	23.8640350877193	sensor work day	1
#666666	1490202000	23.4213157894737	sensor work day	1
#666666	1490288400	23.6391182698125	sensor work day	1
#999999	1490374800	22.8847761645493	sensor day off	1
#999999	1490461200	22.48	sensor day off	1
#666666	1490547600	23.8476572897762	sensor work day	1
#666666	1490634000	23.6558666061706	sensor work day	1
#666666	1490720400	24.7145689655172	sensor work day	1
#666666	1490806800	24.6193405928615	sensor work day	1
#666666	1490893200	23.8008953418028	sensor work day	1
#999999	1490979600	22.48	sensor day off	1
#999999	1491066000	23.4691893526921	sensor day off	1
#666666	1491152400	23.9585223835451	sensor work day	1
#666666	1491238800	23.6050287356322	sensor work day	1
#666666	1491325200	23.7845175438597	sensor work day	1
#666666	1491411600	23.1391878402904	sensor work day	1
#666666	1491498000	24.3343965517241	sensor work day	1
#999999	1491584400	23.4263551119177	sensor day off	1
#999999	1491670800	22.97	sensor day off	1
#666666	1491757200	26.271724137931	sensor work day	1
#666666	1491843600	24.8238036902601	sensor work day	1
#666666	1491930000	23.46	sensor work day	1
#666666	1492016400	23.455775862069	sensor work day	1
#666666	1492102800	23.2699137931035	sensor work day	1
#999999	1492189200	23.4006397459165	sensor day off	1
#999999	1492275600	23.0602631578947	sensor day off	1
#666666	1492362000	23.0338808227465	sensor work day	1
#666666	1492448400	24.3884210526316	sensor work day	1
#666666	1492534800	23.5951724137931	sensor work day	1
#666666	1492621200	23.8993103448276	sensor work day	1
#666666	1492707600	23.6353387779794	sensor work day	1
#999999	1492794000	23.2299697519661	sensor day off	1
#999999	1492880400	23.2407894736842	sensor day off	1
#666666	1492966800	23.4986842105263	sensor work day	1
#666666	1493053200	23.954298245614	sensor work day	1
#666666	1493139600	24.0187719298246	sensor work day	1
#666666	1493226000	24.6119298245614	sensor work day	1
#666666	1493312400	23.945701754386	sensor work day	1
#999999	1493398800	23.2516833030853	sensor day off	1
#999999	1493485200	22.97	sensor day off	1
#666666	1493571600	22.7038793103448	sensor work day	1
#666666	1493658000	22.0237931034483	sensor work day	1
#666666	1493744400	20.4914640048397	sensor work day	1
#666666	1493830800	20.6449410163339	sensor work day	1
#666666	1493917200	20.9302555958863	sensor work day	1
#999999	1494003600	20.0273275862069	sensor day off	1
#999999	1494090000	20.1479007864489	sensor day off	1
#666666	1494176400	20.771591046582	sensor work day	1
#666666	1494262800	20.0485223835451	sensor work day	1
#666666	1494349200	20.8952631578947	sensor work day	1
#666666	1494435600	21.0606896551724	sensor work day	1
#666666	1494522000	21.0997413793103	sensor work day	1
#999999	1494608400	22.3061191772535	sensor day off	1
#999999	1494694800	22.0850725952813	sensor day off	1
#666666	1494781200	21.0541636418633	sensor work day	1
#666666	1494867600	21.208275862069	sensor work day	1
#666666	1494954000	21.1979476709014	sensor work day	1
#666666	1495040400	21.0415653357532	sensor work day	1
#666666	1495126800	21.3083938294011	sensor work day	1
#999999	1495213200	20.3967543859649	sensor day off	1
#999999	1495299600	20.2102994555354	sensor day off	1
#666666	1495386000	19.8625862068966	sensor work day	1
#666666	1495472400	21.02	sensor work day	1
#666666	1495558800	21.02	sensor work day	1
#666666	1495645200	20.5772807017544	sensor work day	1
#666666	1495731600	20.9372807017544	sensor work day	1
#999999	1495818000	21.3923275862069	sensor day off	1
#999999	1495904400	20.4877586206897	sensor day off	1
#666666	1495990800	21.0321929824561	sensor work day	1
#666666	1496077200	20.5944736842105	sensor work day	1
#666666	1496163600	21.382534785239	sensor work day	1
#666666	1496250000	21.0583000604961	sensor work day	1
#666666	1496336400	21.2982456140351	sensor work day	1
#999999	1496422800	22.3983333333333	sensor day off	1
#999999	1496509200	20.1836206896552	sensor day off	1
#666666	1496595600	20.7496551724138	sensor work day	1
#666666	1496682000	22.063833938294	sensor work day	1
#666666	1496768400	22.8124470659407	sensor work day	1
#666666	1496854800	22.3995190562613	sensor work day	1
#666666	1496941200	22.8205248033878	sensor work day	1
#999999	1497027600	21.8731034482759	sensor day off	1
#999999	1497114000	21.5877192982456	sensor day off	1
#666666	1497200400	21.9835964912281	sensor work day	1
#666666	1497286800	22.9317604355717	sensor work day	1
#666666	1497373200	22.97	sensor work day	1
#666666	1497459600	22.3025862068965	sensor work day	1
#666666	1497546000	22.6466212946159	sensor work day	1
#999999	1497632400	21.7673684210526	sensor day off	1
#999999	1497718800	22.7968103448276	sensor day off	1
#666666	1497805200	22.8039246823957	sensor work day	1
#666666	1497891600	23.46	sensor work day	1
#666666	1497978000	23.95	sensor work day	1
#666666	1498064400	22.6505958862674	sensor work day	1
#666666	1498150800	22.0153448275862	sensor work day	1
#999999	1498237200	21.8723275862069	sensor day off	1
#999999	1498323600	21.7180172413793	sensor day off	1
#666666	1498410000	22.0612310949788	sensor work day	1
#666666	1498496400	22.3381578947368	sensor work day	1
#666666	1498582800	22.1458771929825	sensor work day	1
#666666	1498669200	21.99	sensor work day	1
#666666	1498755600	21.51	sensor work day	1
#999999	1498842000	21.945701754386	sensor day off	1
#999999	1498928400	22.9356140350877	sensor day off	1
#666666	1499014800	21.99	sensor work day	1
#666666	1499101200	22.2456715063521	sensor work day	1
#666666	1499187600	22.4503569267998	sensor work day	1
#666666	1499274000	22.9615517241379	sensor work day	1
#666666	1499360400	22.484224137931	sensor work day	1
#999999	1499446800	22.5491228070175	sensor day off	1
#999999	1499533200	22.0594736842105	sensor day off	1
#666666	1499619600	22.9185692679976	sensor work day	1
#666666	1499706000	24.6248245614035	sensor work day	1
#666666	1499792400	24.0556034482759	sensor work day	1
#666666	1499878800	24.5075862068966	sensor work day	1
#666666	1499965200	23.46	sensor work day	1
#999999	1500051600	23.2445689655172	sensor day off	1
#999999	1500138000	23.46	sensor day off	1
#666666	1500224400	23.582870538415	sensor work day	1
#666666	1500310800	23.5666409558379	sensor work day	1
#666666	1500397200	22.97	sensor work day	1
#666666	1500483600	22.7636842105263	sensor work day	1
#666666	1500570000	22.2979915305505	sensor work day	1
#999999	1500656400	21.9131896551724	sensor day off	1
#999999	1500742800	22.3912931034483	sensor day off	1
#666666	1500829200	22.6624531155475	sensor work day	1
#666666	1500915600	22.8088157894737	sensor work day	1
#666666	1501002000	22.7121052631579	sensor work day	1
#666666	1501088400	22.8582456140351	sensor work day	1
#666666	1501174800	22.5011206896552	sensor work day	1
#999999	1501261200	22.5235284331518	sensor day off	1
#999999	1501347600	21.7921052631579	sensor day off	1
#666666	1501434000	22.9313157894737	sensor work day	1
#666666	1501520400	22.9265728977616	sensor work day	1
#666666	1501606800	22.97	sensor work day	1
#666666	1501693200	23.46	sensor work day	1
#666666	1501779600	23.1075438596491	sensor work day	1
#999999	1501866000	22.4013218390805	sensor day off	1
#999999	1501952400	23.1290350877193	sensor day off	1
#666666	1502038800	23.094352692075	sensor work day	1
#666666	1502125200	22.9531034482759	sensor work day	1
#666666	1502211600	22.8713626739262	sensor work day	1
#666666	1502298000	22.97	sensor work day	1
#666666	1502384400	22.974298245614	sensor work day	1
#999999	1502470800	22.5573759830611	sensor day off	1
#999999	1502557200	22.7098079249849	sensor day off	1
#666666	1502643600	22.4673275862069	sensor work day	1
#666666	1502730000	22.7081578947368	sensor work day	1
#666666	1502816400	22.8897413793103	sensor work day	1
#666666	1502902800	22.8926315789474	sensor work day	1
#666666	1502989200	22.3007335148215	sensor work day	1
#999999	1503075600	22.4978947368421	sensor day off	1
#999999	1503162000	22.6888354506957	sensor day off	1
#666666	1503248400	22.4416863278887	sensor work day	1
#666666	1503334800	22.843275862069	sensor work day	1
#666666	1503421200	22.6210269207502	sensor work day	1
#666666	1503507600	22.8797368421053	sensor work day	1
#666666	1503594000	22.4983787053842	sensor work day	1
#999999	1503680400	21.614110707804	sensor day off	1
#999999	1503766800	21.4235556563823	sensor day off	1
#666666	1503853200	22.1571551724138	sensor work day	1
#666666	1503939600	22.3811403508772	sensor work day	1
#666666	1504026000	22.7739110707804	sensor work day	1
#666666	1504112400	22.7461206896552	sensor work day	1
#666666	1504198800	22.7761206896552	sensor work day	1
#999999	1504285200	21.6620175438596	sensor day off	1
#999999	1504371600	21.4332244404114	sensor day off	1
#666666	1504458000	21.4454385964912	sensor work day	1
#666666	1504544400	21.9151603145796	sensor work day	1
#666666	1504630800	22.3786206896552	sensor work day	1
#666666	1504717200	21.9872807017544	sensor work day	1
#666666	1504803600	22.35208443855	sensor work day	1
#999999	1504890000	21.1221082879613	sensor day off	1
#999999	1504976400	21.9436842105263	sensor day off	1
#666666	1505062800	22.0462931034483	sensor work day	1
#666666	1505149200	22.0713974591652	sensor work day	1
#666666	1505235600	21.7130006049607	sensor work day	1
#666666	1505322000	21.5961403508772	sensor work day	1
#666666	1505408400	21.255	sensor work day	1
#999999	1505494800	20.9604174228675	sensor day off	1
#999999	1505581200	21.4197368421053	sensor day off	1
#666666	1505667600	21.4845689655172	sensor work day	1
#666666	1505754000	21.9964035087719	sensor work day	1
#666666	1505840400	21.2899122807018	sensor work day	1
#666666	1505926800	20.9727192982456	sensor work day	1
#666666	1506013200	21.015701754386	sensor work day	1
#999999	1506099600	21.1102631578947	sensor day off	1
#999999	1506186000	21.51	sensor day off	1
#666666	1506272400	21.51	sensor work day	1
#666666	1506358800	21.7036842105263	sensor work day	1
#666666	1506445200	21.0284482758621	sensor work day	1
#666666	1506531600	21.3570417422868	sensor work day	1
#666666	1506618000	21.598275862069	sensor work day	1
#999999	1506704400	21.99	sensor day off	1
#999999	1506790800	21.99	sensor day off	1
#666666	1506877200	21.99	sensor work day	1
#666666	1506963600	22.4715517241379	sensor work day	1
#666666	1507050000	22.3743965517241	sensor work day	1
#999999	1507309200	20.7049682395644	sensor day off	1
#999999	1507395600	20.7878947368421	sensor day off	1
#666666	1507482000	20.53	sensor work day	1
#666666	1507568400	21.5431034482759	sensor work day	1
#666666	1507654800	21.99	sensor work day	1
#666666	1507741200	22.6777192982456	sensor work day	1
#666666	1507827600	21.2501784633999	sensor work day	1
#999999	1507914000	21.9521052631579	sensor day off	1
#999999	1508000400	20.4957622504537	sensor day off	1
#666666	1508086800	21.51	sensor work day	1
#666666	1508173200	22.2206231094979	sensor work day	1
#666666	1508259600	22.0237931034483	sensor work day	1
#666666	1508346000	22.5137931034483	sensor work day	1
#666666	1508432400	21.7121052631579	sensor work day	1
#999999	1508518800	21.9833333333333	sensor day off	1
#999999	1508605200	21.6804310344828	sensor day off	1
#666666	1508691600	21.7164035087719	sensor work day	1
#666666	1508778000	22.0536584996975	sensor work day	1
#666666	1508864400	22.171724137931	sensor work day	1
#999999	1509123600	22.7653886872353	sensor day off	1
#999999	1509210000	22.3194827586207	sensor day off	1
#666666	1509296400	22.7636842105263	sensor work day	1
#666666	1509382800	22.4715517241379	sensor work day	1
#666666	1509469200	21.9155172413793	sensor work day	1
#666666	1509555600	22.9531034482759	sensor work day	1
#666666	1509642000	22.4499122807018	sensor work day	1
#999999	1509728400	21.6480135885447	sensor day off	1
#999999	1509814800	21.9942608695652	sensor day off	1
#666666	1509901200	22.4715517241379	sensor work day	1
#666666	1509987600	22.1882751058681	sensor work day	1
#666666	1510074000	21.9622472238457	sensor work day	1
#666666	1510160400	22.0513793103448	sensor work day	1
#666666	1510246800	22.0561403508772	sensor work day	1
#999999	1510333200	21.3183877797943	sensor day off	1
#999999	1510419600	21.0221120689655	sensor day off	1
#666666	1510506000	21.7540948275862	sensor work day	1
#666666	1510592400	22.1125	sensor work day	1
#666666	1510678800	22.5560344827586	sensor work day	1
#666666	1510765200	22.8109649122807	sensor work day	1
#666666	1510851600	22.5053448275862	sensor work day	1
#999999	1510938000	22.0098245614035	sensor day off	1
#999999	1511024400	22.3854385964912	sensor day off	1
#666666	1511110800	21.9569767090139	sensor work day	1
#666666	1511197200	22.4271982758621	sensor work day	1
#666666	1511283600	22.4523207803993	sensor work day	1
#666666	1511370000	22.239001814882	sensor work day	1
#666666	1511456400	22.4671052631579	sensor work day	1
#999999	1511542800	21.6248457350272	sensor day off	1
#999999	1511629200	22.4692543859649	sensor day off	1
#666666	1511715600	22.48	sensor work day	1
#666666	1511802000	22.3284497882638	sensor work day	1
#666666	1511888400	22.8668421052632	sensor work day	1
#666666	1511974800	22.4650685907046	sensor work day	1
#666666	1512061200	22.5803708532522	sensor work day	1
#999999	1512147600	22.3365778809313	sensor day off	1
#999999	1512234000	21.6415789473684	sensor day off	1
#666666	1512320400	21.9879310344828	sensor work day	1
#666666	1512406800	24.2624263920671	sensor work day	1
#666666	1512493200	24.2095457271364	sensor work day	1
#666666	1512579600	24.1316379310345	sensor work day	1
#666666	1512666000	23.1178448275862	sensor work day	1
#999999	1512752400	22.3181488203267	sensor day off	1
#999999	1512838800	21.9985223835451	sensor day off	1
#666666	1512925200	22.6574137931034	sensor work day	1
#666666	1513011600	23.0840517241379	sensor work day	1
#666666	1513098000	23.1896551724138	sensor work day	1
#666666	1513184400	23.217149122807	sensor work day	1
#666666	1513270800	22.9785964912281	sensor work day	1
#999999	1513357200	23.1752041742287	sensor day off	1
#999999	1513443600	23.2854022988506	sensor day off	1
#666666	1513530000	23.1828372655777	sensor work day	1
#666666	1513616400	23.1965471869329	sensor work day	1
#666666	1513702800	23.2021052631579	sensor work day	1
#666666	1513789200	22.8812931034483	sensor work day	1
#666666	1513875600	21.6424137931035	sensor work day	1
#999999	1513962000	21.294224137931	sensor day off	1
#999999	1514048400	21.3270281306715	sensor day off	1
#666666	1514134800	21.0027934059286	sensor work day	1
#666666	1514221200	21.4972534785239	sensor work day	1
#666666	1514307600	21.4931034482759	sensor work day	1
#666666	1514394000	21.1094479733817	sensor work day	1
#666666	1514480400	20.656724137931	sensor work day	1
#999999	1514566800	20.9813898971567	sensor day off	1
#999999	1514653200	21.0543859649123	sensor day off	1
#666666	1514739600	21.024224137931	sensor work day	1
#666666	1514826000	21.02	sensor work day	1
#666666	1514912400	22.7493073200242	sensor work day	1
#666666	1514998800	23.0000877192982	sensor work day	1
#666666	1515085200	23.0430701754386	sensor work day	1
#999999	1515171600	22.48	sensor day off	1
#999999	1515258000	22.4124137931035	sensor day off	1
#666666	1515344400	23.3459482758621	sensor work day	1
#666666	1515430800	23.700701754386	sensor work day	1
#666666	1515517200	23.4050862068966	sensor work day	1
#666666	1515603600	23.8554385964912	sensor work day	1
#666666	1515690000	24.0006896551724	sensor work day	1
#999999	1515776400	22.97	sensor day off	1
#999999	1515862800	22.8969298245614	sensor day off	1
#666666	1515949200	23.709224137931	sensor work day	1
#666666	1516035600	23.95	sensor work day	1
#666666	1516122000	23.587909860859	sensor work day	1
#666666	1516208400	23.9285087719298	sensor work day	1
#666666	1516294800	23.9331034482759	sensor work day	1
#999999	1516381200	23.21648215366	sensor day off	1
#999999	1516467600	22.965775862069	sensor day off	1
#666666	1516554000	23.2938505747126	sensor work day	1
#666666	1516640400	23.3009649122807	sensor work day	1
#666666	1516726800	23.5529310344828	sensor work day	1
#666666	1516813200	23.4685964912281	sensor work day	1
#666666	1516899600	23.5158771929825	sensor work day	1
#999999	1516986000	22.97	sensor day off	1
#999999	1517072400	22.9828947368421	sensor day off	1
#666666	1517158800	23.455775862069	sensor work day	1
#666666	1517245200	23.6792105263158	sensor work day	1
#666666	1517331600	23.9156140350877	sensor work day	1
#666666	1517418000	24.2871158499698	sensor work day	1
#666666	1517504400	24.44	sensor work day	1
#999999	1517590800	23.95	sensor day off	1
#999999	1517677200	23.9285087719298	sensor day off	1
#666666	1517763600	24.435701754386	sensor work day	1
#666666	1517850000	24.44	sensor work day	1
#666666	1517936400	23.9671929824561	sensor work day	1
#666666	1518022800	23.9706019358742	sensor work day	1
#666666	1518109200	24.0564927404719	sensor work day	1
#999999	1518195600	23.3449848759831	sensor day off	1
#999999	1518282000	23.1241439806413	sensor day off	1
#666666	1518368400	24.0471551724138	sensor work day	1
#666666	1518454800	23.945701754386	sensor work day	1
#666666	1518541200	24.316981246219	sensor work day	1
#666666	1518627600	24.5244827586207	sensor work day	1
#666666	1518714000	24.44	sensor work day	1
#999999	1518800400	23.8683333333333	sensor day off	1
#999999	1518886800	24.0936206896552	sensor day off	1
#666666	1518973200	24.4864655172414	sensor work day	1
#666666	1519059600	24.4613430127042	sensor work day	1
#666666	1519146000	24.44	sensor work day	1
#666666	1519232400	23.95	sensor work day	1
#666666	1519318800	23.5112825166364	sensor work day	1
#999999	1519405200	23.4093103448276	sensor day off	1
#999999	1519491600	23.0258771929825	sensor day off	1
#666666	1519578000	24.2168617664852	sensor work day	1
#666666	1519664400	25.048275862069	sensor work day	1
#666666	1519750800	25.4067543859649	sensor work day	1
#666666	1519837200	23.9966878402904	sensor work day	1
#666666	1519923600	24.2414655172414	sensor work day	1
#999999	1520010000	23.58398215366	sensor day off	1
#999999	1520096400	23.6577192982456	sensor day off	1
#666666	1520182800	23.9414776164549	sensor work day	1
#666666	1520269200	24.2668103448276	sensor work day	1
#666666	1520355600	24.444224137931	sensor work day	1
#666666	1520442000	23.9627465214761	sensor work day	1
#666666	1520528400	23.9344373865699	sensor work day	1
#999999	1520614800	23.46	sensor day off	1
#999999	1520701200	23.1505263157895	sensor day off	1
#666666	1520787600	23.8339473684211	sensor work day	1
#666666	1520874000	24.1547595281307	sensor work day	1
#666666	1520960400	24.44	sensor work day	1
#666666	1521046800	24.5896234119782	sensor work day	1
#666666	1521133200	24.7279824561404	sensor work day	1
#999999	1521219600	24.3763415003025	sensor day off	1
#999999	1521306000	24.0266273442226	sensor day off	1
#666666	1521392400	24.1348245614035	sensor work day	1
#666666	1521478800	24.4185087719298	sensor work day	1
#666666	1521565200	24.9214035087719	sensor work day	1
#666666	1521651600	24.8872398669087	sensor work day	1
#666666	1521738000	24.925405323654	sensor work day	1
#999999	1521824400	24.1219298245614	sensor day off	1
#999999	1521910800	24.8745674531155	sensor day off	1
#666666	1521997200	25.3464655172414	sensor work day	1
#666666	1522083600	25.6158620689655	sensor work day	1
#666666	1522170000	25.0589473684211	sensor work day	1
#666666	1522256400	25.1431336963097	sensor work day	1
#666666	1522342800	24.1706926799758	sensor work day	1
#999999	1522429200	24.5163309134906	sensor day off	1
#999999	1522515600	24.4014640048397	sensor day off	1
#666666	1522602000	23.9626724137931	sensor work day	1
#666666	1522688400	24.6190441621295	sensor work day	1
#666666	1522774800	24.6105217785844	sensor work day	1
#666666	1522861200	24.4949137931035	sensor work day	1
#666666	1522947600	24.93	sensor work day	1
#999999	1523034000	24.4614912280702	sensor day off	1
#999999	1523120400	24.3034195402299	sensor day off	1
#666666	1523206800	24.686408045977	sensor work day	1
#666666	1523293200	24.9131034482759	sensor work day	1
#666666	1523379600	24.6528372655777	sensor work day	1
#666666	1523466000	24.7525120992136	sensor work day	1
#666666	1523552400	23.5029824561404	sensor work day	1
#999999	1523638800	22.5143859649123	sensor day off	1
#999999	1523725200	21.9984482758621	sensor day off	1
#666666	1523811600	22.4284210526316	sensor work day	1
#666666	1523898000	22.3406034482759	sensor work day	1
#666666	1523984400	23.1071733212341	sensor work day	1
