xmin	xmax	clickSelects	PANEL	group
1449378000	1449464400	Monday 07 Dec 2015	1	150
1449464400	1449550800	Tuesday 08 Dec 2015	1	647
1449550800	1449637200	Wednesday 09 Dec 2015	1	775
1449637200	1449723600	Thursday 10 Dec 2015	1	532
1449723600	1449810000	Friday 11 Dec 2015	1	44
1449810000	1449896400	Saturday 12 Dec 2015	1	294
1449896400	1449982800	Sunday 13 Dec 2015	1	421
1449982800	1450069200	Monday 14 Dec 2015	1	179
1450069200	1450155600	Tuesday 15 Dec 2015	1	676
1450155600	1450242000	Wednesday 16 Dec 2015	1	804
1450242000	1450328400	Thursday 17 Dec 2015	1	561
1450328400	1450414800	Friday 18 Dec 2015	1	73
1450414800	1450501200	Saturday 19 Dec 2015	1	323
1450501200	1450587600	Sunday 20 Dec 2015	1	450
1450587600	1450674000	Monday 21 Dec 2015	1	208
1450674000	1450760400	Tuesday 22 Dec 2015	1	705
1450760400	1450846800	Wednesday 23 Dec 2015	1	833
1450846800	1450933200	Thursday 24 Dec 2015	1	590
1450933200	1451019600	Friday 25 Dec 2015	1	101
1451019600	1451106000	Saturday 26 Dec 2015	1	351
1451106000	1451192400	Sunday 27 Dec 2015	1	478
1451192400	1451278800	Monday 28 Dec 2015	1	236
1451278800	1451365200	Tuesday 29 Dec 2015	1	733
1451365200	1451451600	Wednesday 30 Dec 2015	1	860
1451451600	1451538000	Thursday 31 Dec 2015	1	616
1451538000	1451624400	Friday 01 Jan 2016	1	3
1451624400	1451710800	Saturday 02 Jan 2016	1	253
1451710800	1451797200	Sunday 03 Jan 2016	1	380
1451797200	1451883600	Monday 04 Jan 2016	1	137
1451883600	1451970000	Tuesday 05 Jan 2016	1	634
1451970000	1452056400	Wednesday 06 Jan 2016	1	762
1452056400	1452142800	Thursday 07 Jan 2016	1	519
1452142800	1452229200	Friday 08 Jan 2016	1	31
1452229200	1452315600	Saturday 09 Jan 2016	1	281
1452315600	1452402000	Sunday 10 Jan 2016	1	408
1452402000	1452488400	Monday 11 Jan 2016	1	166
1452488400	1452574800	Tuesday 12 Jan 2016	1	663
1452574800	1452661200	Wednesday 13 Jan 2016	1	791
1452661200	1452747600	Thursday 14 Jan 2016	1	548
1452747600	1452834000	Friday 15 Jan 2016	1	60
1452834000	1452920400	Saturday 16 Jan 2016	1	310
1452920400	1453006800	Sunday 17 Jan 2016	1	437
1453006800	1453093200	Monday 18 Jan 2016	1	195
1453093200	1453179600	Tuesday 19 Jan 2016	1	692
1453179600	1453266000	Wednesday 20 Jan 2016	1	820
1453266000	1453352400	Thursday 21 Jan 2016	1	577
1453352400	1453438800	Friday 22 Jan 2016	1	88
1453438800	1453525200	Saturday 23 Jan 2016	1	338
1453525200	1453611600	Sunday 24 Jan 2016	1	465
1453611600	1453698000	Monday 25 Jan 2016	1	223
1453698000	1453784400	Tuesday 26 Jan 2016	1	720
1453784400	1453870800	Wednesday 27 Jan 2016	1	848
1453870800	1453957200	Thursday 28 Jan 2016	1	605
1453957200	1454043600	Friday 29 Jan 2016	1	116
1454043600	1454130000	Saturday 30 Jan 2016	1	366
1454130000	1454216400	Sunday 31 Jan 2016	1	492
1454216400	1454302800	Monday 01 Feb 2016	1	125
1454302800	1454389200	Tuesday 02 Feb 2016	1	622
1454389200	1454475600	Wednesday 03 Feb 2016	1	750
1454475600	1454562000	Thursday 04 Feb 2016	1	507
1454562000	1454648400	Friday 05 Feb 2016	1	19
1454648400	1454734800	Saturday 06 Feb 2016	1	269
1454734800	1454821200	Sunday 07 Feb 2016	1	396
1454821200	1454907600	Monday 08 Feb 2016	1	154
1454907600	1454994000	Tuesday 09 Feb 2016	1	651
1454994000	1455080400	Wednesday 10 Feb 2016	1	779
1455080400	1455166800	Thursday 11 Feb 2016	1	536
1455166800	1455253200	Friday 12 Feb 2016	1	48
1455253200	1455339600	Saturday 13 Feb 2016	1	298
1455339600	1455426000	Sunday 14 Feb 2016	1	425
1455426000	1455512400	Monday 15 Feb 2016	1	183
1455512400	1455598800	Tuesday 16 Feb 2016	1	680
1455598800	1455685200	Wednesday 17 Feb 2016	1	808
1455685200	1455771600	Thursday 18 Feb 2016	1	565
1455771600	1455858000	Friday 19 Feb 2016	1	77
1455858000	1455944400	Saturday 20 Feb 2016	1	327
1455944400	1456030800	Sunday 21 Feb 2016	1	454
1456030800	1456117200	Monday 22 Feb 2016	1	212
1456117200	1456203600	Tuesday 23 Feb 2016	1	709
1456203600	1456290000	Wednesday 24 Feb 2016	1	837
1456290000	1456376400	Thursday 25 Feb 2016	1	594
1456376400	1456462800	Friday 26 Feb 2016	1	105
1456462800	1456549200	Saturday 27 Feb 2016	1	355
1456549200	1456635600	Sunday 28 Feb 2016	1	482
1456635600	1456722000	Monday 29 Feb 2016	1	240
1456722000	1456808400	Tuesday 01 Mar 2016	1	619
1456808400	1456894800	Wednesday 02 Mar 2016	1	747
1456894800	1456981200	Thursday 03 Mar 2016	1	504
1456981200	1457067600	Friday 04 Mar 2016	1	16
1457067600	1457154000	Saturday 05 Mar 2016	1	266
1457154000	1457240400	Sunday 06 Mar 2016	1	393
1457240400	1457326800	Monday 07 Mar 2016	1	151
1457326800	1457413200	Tuesday 08 Mar 2016	1	648
1457413200	1457499600	Wednesday 09 Mar 2016	1	776
1457499600	1457586000	Thursday 10 Mar 2016	1	533
1457586000	1457672400	Friday 11 Mar 2016	1	45
1457672400	1457758800	Saturday 12 Mar 2016	1	295
1457758800	1457845200	Sunday 13 Mar 2016	1	422
1457845200	1457931600	Monday 14 Mar 2016	1	180
1457931600	1458018000	Tuesday 15 Mar 2016	1	677
1458018000	1458104400	Wednesday 16 Mar 2016	1	805
1458104400	1458190800	Thursday 17 Mar 2016	1	562
1458190800	1458277200	Friday 18 Mar 2016	1	74
1458277200	1458363600	Saturday 19 Mar 2016	1	324
1458363600	1458450000	Sunday 20 Mar 2016	1	451
1458450000	1458536400	Monday 21 Mar 2016	1	209
1458536400	1458622800	Tuesday 22 Mar 2016	1	706
1458622800	1458709200	Wednesday 23 Mar 2016	1	834
1458709200	1458795600	Thursday 24 Mar 2016	1	591
1458795600	1458882000	Friday 25 Mar 2016	1	102
1458882000	1458968400	Saturday 26 Mar 2016	1	352
1458968400	1459054800	Sunday 27 Mar 2016	1	479
1459054800	1459141200	Monday 28 Mar 2016	1	237
1459141200	1459227600	Tuesday 29 Mar 2016	1	734
1459227600	1459314000	Wednesday 30 Mar 2016	1	861
1459314000	1459400400	Thursday 31 Mar 2016	1	617
1459400400	1459486800	Friday 01 Apr 2016	1	1
1459486800	1459573200	Saturday 02 Apr 2016	1	251
1459573200	1459659600	Sunday 03 Apr 2016	1	378
1459659600	1459746000	Monday 04 Apr 2016	1	135
1459746000	1459832400	Tuesday 05 Apr 2016	1	632
1459832400	1459918800	Wednesday 06 Apr 2016	1	760
1459918800	1460005200	Thursday 07 Apr 2016	1	517
1460005200	1460091600	Friday 08 Apr 2016	1	29
1460091600	1460178000	Saturday 09 Apr 2016	1	279
1460178000	1460264400	Sunday 10 Apr 2016	1	406
1460264400	1460350800	Monday 11 Apr 2016	1	164
1460350800	1460437200	Tuesday 12 Apr 2016	1	661
1460437200	1460523600	Wednesday 13 Apr 2016	1	789
1460523600	1460610000	Thursday 14 Apr 2016	1	546
1460610000	1460696400	Friday 15 Apr 2016	1	58
1460696400	1460782800	Saturday 16 Apr 2016	1	308
1460782800	1460869200	Sunday 17 Apr 2016	1	435
1460869200	1460955600	Monday 18 Apr 2016	1	193
1460955600	1461042000	Tuesday 19 Apr 2016	1	690
1461042000	1461128400	Wednesday 20 Apr 2016	1	818
1461128400	1461214800	Thursday 21 Apr 2016	1	575
1461214800	1461301200	Friday 22 Apr 2016	1	86
1461301200	1461387600	Saturday 23 Apr 2016	1	336
1461387600	1461474000	Sunday 24 Apr 2016	1	463
1461474000	1461560400	Monday 25 Apr 2016	1	221
1461560400	1461646800	Tuesday 26 Apr 2016	1	718
1461646800	1461733200	Wednesday 27 Apr 2016	1	846
1461733200	1461819600	Thursday 28 Apr 2016	1	603
1461819600	1461906000	Friday 29 Apr 2016	1	114
1461906000	1461992400	Saturday 30 Apr 2016	1	364
1461992400	1462078800	Sunday 01 May 2016	1	373
1462078800	1462165200	Monday 02 May 2016	1	130
1462165200	1462251600	Tuesday 03 May 2016	1	627
1462251600	1462338000	Wednesday 04 May 2016	1	755
1462338000	1462424400	Thursday 05 May 2016	1	512
1462424400	1462510800	Friday 06 May 2016	1	24
1462510800	1462597200	Saturday 07 May 2016	1	274
1462597200	1462683600	Sunday 08 May 2016	1	401
1462683600	1462770000	Monday 09 May 2016	1	159
1462770000	1462856400	Tuesday 10 May 2016	1	656
1462856400	1462942800	Wednesday 11 May 2016	1	784
1462942800	1463029200	Thursday 12 May 2016	1	541
1463029200	1463115600	Friday 13 May 2016	1	53
1463115600	1463202000	Saturday 14 May 2016	1	303
1463202000	1463288400	Sunday 15 May 2016	1	430
1463288400	1463374800	Monday 16 May 2016	1	188
1463374800	1463461200	Tuesday 17 May 2016	1	685
1463461200	1463547600	Wednesday 18 May 2016	1	813
1463547600	1463634000	Thursday 19 May 2016	1	570
1463634000	1463720400	Friday 20 May 2016	1	81
1463720400	1463806800	Saturday 21 May 2016	1	331
1463806800	1463893200	Sunday 22 May 2016	1	458
1463893200	1463979600	Monday 23 May 2016	1	216
1463979600	1464066000	Tuesday 24 May 2016	1	713
1464066000	1464152400	Wednesday 25 May 2016	1	841
1464152400	1464238800	Thursday 26 May 2016	1	598
1464238800	1464325200	Friday 27 May 2016	1	109
1464325200	1464411600	Saturday 28 May 2016	1	359
1464411600	1464498000	Sunday 29 May 2016	1	486
1464498000	1464584400	Monday 30 May 2016	1	244
1464584400	1464670800	Tuesday 31 May 2016	1	740
1464670800	1464757200	Wednesday 01 Jun 2016	1	743
1464757200	1464843600	Thursday 02 Jun 2016	1	500
1464843600	1464930000	Friday 03 Jun 2016	1	12
1464930000	1465016400	Saturday 04 Jun 2016	1	262
1465016400	1465102800	Sunday 05 Jun 2016	1	389
1465102800	1465189200	Monday 06 Jun 2016	1	146
1465189200	1465275600	Tuesday 07 Jun 2016	1	643
1465275600	1465362000	Wednesday 08 Jun 2016	1	771
1465362000	1465448400	Thursday 09 Jun 2016	1	528
1465448400	1465534800	Friday 10 Jun 2016	1	40
1465534800	1465621200	Saturday 11 Jun 2016	1	290
1465621200	1465707600	Sunday 12 Jun 2016	1	417
1465707600	1465794000	Monday 13 Jun 2016	1	175
1465794000	1465880400	Tuesday 14 Jun 2016	1	672
1465880400	1465966800	Wednesday 15 Jun 2016	1	800
1465966800	1466053200	Thursday 16 Jun 2016	1	557
1466053200	1466139600	Friday 17 Jun 2016	1	69
1466139600	1466226000	Saturday 18 Jun 2016	1	319
1466226000	1466312400	Sunday 19 Jun 2016	1	446
1466312400	1466398800	Monday 20 Jun 2016	1	204
1466398800	1466485200	Tuesday 21 Jun 2016	1	701
1466485200	1466571600	Wednesday 22 Jun 2016	1	829
1466571600	1466658000	Thursday 23 Jun 2016	1	586
1466658000	1466744400	Friday 24 Jun 2016	1	97
1466744400	1466830800	Saturday 25 Jun 2016	1	347
1466830800	1466917200	Sunday 26 Jun 2016	1	474
1466917200	1467003600	Monday 27 Jun 2016	1	232
1467003600	1467090000	Tuesday 28 Jun 2016	1	729
1467090000	1467176400	Wednesday 29 Jun 2016	1	856
1467176400	1467262800	Thursday 30 Jun 2016	1	612
1467262800	1467349200	Friday 01 Jul 2016	1	4
1467349200	1467435600	Saturday 02 Jul 2016	1	254
1467435600	1467522000	Sunday 03 Jul 2016	1	381
1467522000	1467608400	Monday 04 Jul 2016	1	138
1467608400	1467694800	Tuesday 05 Jul 2016	1	635
1467694800	1467781200	Wednesday 06 Jul 2016	1	763
1467781200	1467867600	Thursday 07 Jul 2016	1	520
1467867600	1467954000	Friday 08 Jul 2016	1	32
1467954000	1468040400	Saturday 09 Jul 2016	1	282
1468040400	1468126800	Sunday 10 Jul 2016	1	409
1468126800	1468213200	Monday 11 Jul 2016	1	167
1468213200	1468299600	Tuesday 12 Jul 2016	1	664
1468299600	1468386000	Wednesday 13 Jul 2016	1	792
1468386000	1468472400	Thursday 14 Jul 2016	1	549
1468472400	1468558800	Friday 15 Jul 2016	1	61
1468558800	1468645200	Saturday 16 Jul 2016	1	311
1468645200	1468731600	Sunday 17 Jul 2016	1	438
1468731600	1468818000	Monday 18 Jul 2016	1	196
1468818000	1468904400	Tuesday 19 Jul 2016	1	693
1468904400	1468990800	Wednesday 20 Jul 2016	1	821
1468990800	1469077200	Thursday 21 Jul 2016	1	578
1469077200	1469163600	Friday 22 Jul 2016	1	89
1469163600	1469250000	Saturday 23 Jul 2016	1	339
1469250000	1469336400	Sunday 24 Jul 2016	1	466
1469336400	1469422800	Monday 25 Jul 2016	1	224
1469422800	1469509200	Tuesday 26 Jul 2016	1	721
1469509200	1469595600	Wednesday 27 Jul 2016	1	849
1469595600	1469682000	Thursday 28 Jul 2016	1	606
1469682000	1469768400	Friday 29 Jul 2016	1	117
1469768400	1469854800	Saturday 30 Jul 2016	1	367
1469854800	1469941200	Sunday 31 Jul 2016	1	493
1469941200	1470027600	Monday 01 Aug 2016	1	124
1470027600	1470114000	Tuesday 02 Aug 2016	1	621
1470114000	1470200400	Wednesday 03 Aug 2016	1	749
1470200400	1470286800	Thursday 04 Aug 2016	1	506
1470286800	1470373200	Friday 05 Aug 2016	1	18
1470373200	1470459600	Saturday 06 Aug 2016	1	268
1470459600	1470546000	Sunday 07 Aug 2016	1	395
1470546000	1470632400	Monday 08 Aug 2016	1	153
1470632400	1470718800	Tuesday 09 Aug 2016	1	650
1470718800	1470805200	Wednesday 10 Aug 2016	1	778
1470805200	1470891600	Thursday 11 Aug 2016	1	535
1470891600	1470978000	Friday 12 Aug 2016	1	47
1470978000	1471064400	Saturday 13 Aug 2016	1	297
1471064400	1471150800	Sunday 14 Aug 2016	1	424
1471150800	1471237200	Monday 15 Aug 2016	1	182
1471237200	1471323600	Tuesday 16 Aug 2016	1	679
1471323600	1471410000	Wednesday 17 Aug 2016	1	807
1471410000	1471496400	Thursday 18 Aug 2016	1	564
1471496400	1471582800	Friday 19 Aug 2016	1	76
1471582800	1471669200	Saturday 20 Aug 2016	1	326
1471669200	1471755600	Sunday 21 Aug 2016	1	453
1471755600	1471842000	Monday 22 Aug 2016	1	211
1471842000	1471928400	Tuesday 23 Aug 2016	1	708
1471928400	1472014800	Wednesday 24 Aug 2016	1	836
1472014800	1472101200	Thursday 25 Aug 2016	1	593
1472101200	1472187600	Friday 26 Aug 2016	1	104
1472187600	1472274000	Saturday 27 Aug 2016	1	354
1472274000	1472360400	Sunday 28 Aug 2016	1	481
1472360400	1472446800	Monday 29 Aug 2016	1	239
1472446800	1472533200	Tuesday 30 Aug 2016	1	736
1472533200	1472619600	Wednesday 31 Aug 2016	1	863
1472619600	1472706000	Thursday 01 Sep 2016	1	498
1472706000	1472792400	Friday 02 Sep 2016	1	10
1472792400	1472878800	Saturday 03 Sep 2016	1	260
1472878800	1472965200	Sunday 04 Sep 2016	1	387
1472965200	1473051600	Monday 05 Sep 2016	1	144
1473051600	1473138000	Tuesday 06 Sep 2016	1	641
1473138000	1473224400	Wednesday 07 Sep 2016	1	769
1473224400	1473310800	Thursday 08 Sep 2016	1	526
1473310800	1473397200	Friday 09 Sep 2016	1	38
1473397200	1473483600	Saturday 10 Sep 2016	1	288
1473483600	1473570000	Sunday 11 Sep 2016	1	415
1473570000	1473656400	Monday 12 Sep 2016	1	173
1473656400	1473742800	Tuesday 13 Sep 2016	1	670
1473742800	1473829200	Wednesday 14 Sep 2016	1	798
1473829200	1473915600	Thursday 15 Sep 2016	1	555
1473915600	1474002000	Friday 16 Sep 2016	1	67
1474002000	1474088400	Saturday 17 Sep 2016	1	317
1474088400	1474174800	Sunday 18 Sep 2016	1	444
1474174800	1474261200	Monday 19 Sep 2016	1	202
1474261200	1474347600	Tuesday 20 Sep 2016	1	699
1474347600	1474434000	Wednesday 21 Sep 2016	1	827
1474434000	1474520400	Thursday 22 Sep 2016	1	584
1474520400	1474606800	Friday 23 Sep 2016	1	95
1474606800	1474693200	Saturday 24 Sep 2016	1	345
1474693200	1474779600	Sunday 25 Sep 2016	1	472
1474779600	1474866000	Monday 26 Sep 2016	1	230
1474866000	1474952400	Tuesday 27 Sep 2016	1	727
1474952400	1475038800	Wednesday 28 Sep 2016	1	855
1475038800	1475125200	Thursday 29 Sep 2016	1	611
1475125200	1475211600	Friday 30 Sep 2016	1	122
1475211600	1475298000	Saturday 01 Oct 2016	1	250
1475298000	1475384400	Sunday 02 Oct 2016	1	377
1475384400	1475470800	Monday 03 Oct 2016	1	134
1475470800	1475557200	Tuesday 04 Oct 2016	1	631
1475557200	1475643600	Wednesday 05 Oct 2016	1	759
1475643600	1475730000	Thursday 06 Oct 2016	1	516
1475730000	1475816400	Friday 07 Oct 2016	1	28
1475816400	1475902800	Saturday 08 Oct 2016	1	278
1475902800	1475989200	Sunday 09 Oct 2016	1	405
1475989200	1476075600	Monday 10 Oct 2016	1	163
1476075600	1476162000	Tuesday 11 Oct 2016	1	660
1476162000	1476248400	Wednesday 12 Oct 2016	1	788
1476248400	1476334800	Thursday 13 Oct 2016	1	545
1476334800	1476421200	Friday 14 Oct 2016	1	57
1476421200	1476507600	Saturday 15 Oct 2016	1	307
1476507600	1476594000	Sunday 16 Oct 2016	1	434
1476594000	1476680400	Monday 17 Oct 2016	1	192
1476680400	1476766800	Tuesday 18 Oct 2016	1	689
1476766800	1476853200	Wednesday 19 Oct 2016	1	817
1476853200	1476939600	Thursday 20 Oct 2016	1	574
1476939600	1477026000	Friday 21 Oct 2016	1	85
1477026000	1477112400	Saturday 22 Oct 2016	1	335
1477112400	1477198800	Sunday 23 Oct 2016	1	462
1477198800	1477285200	Monday 24 Oct 2016	1	220
1477285200	1477371600	Tuesday 25 Oct 2016	1	717
1477371600	1477458000	Wednesday 26 Oct 2016	1	845
1477458000	1477544400	Thursday 27 Oct 2016	1	602
1477544400	1477630800	Friday 28 Oct 2016	1	113
1477630800	1477717200	Saturday 29 Oct 2016	1	363
1477717200	1477803600	Sunday 30 Oct 2016	1	490
1477803600	1477890000	Monday 31 Oct 2016	1	247
1477890000	1477976400	Tuesday 01 Nov 2016	1	620
1477976400	1478062800	Wednesday 02 Nov 2016	1	748
1478062800	1478149200	Thursday 03 Nov 2016	1	505
1478149200	1478235600	Friday 04 Nov 2016	1	17
1478235600	1478322000	Saturday 05 Nov 2016	1	267
1478322000	1478408400	Sunday 06 Nov 2016	1	394
1478408400	1478494800	Monday 07 Nov 2016	1	152
1478494800	1478581200	Tuesday 08 Nov 2016	1	649
1478581200	1478667600	Wednesday 09 Nov 2016	1	777
1478667600	1478754000	Thursday 10 Nov 2016	1	534
1478754000	1478840400	Friday 11 Nov 2016	1	46
1478840400	1478926800	Saturday 12 Nov 2016	1	296
1478926800	1479013200	Sunday 13 Nov 2016	1	423
1479013200	1479099600	Monday 14 Nov 2016	1	181
1479099600	1479186000	Tuesday 15 Nov 2016	1	678
1479186000	1479272400	Wednesday 16 Nov 2016	1	806
1479272400	1479358800	Thursday 17 Nov 2016	1	563
1479358800	1479445200	Friday 18 Nov 2016	1	75
1479445200	1479531600	Saturday 19 Nov 2016	1	325
1479531600	1479618000	Sunday 20 Nov 2016	1	452
1479618000	1479704400	Monday 21 Nov 2016	1	210
1479704400	1479790800	Tuesday 22 Nov 2016	1	707
1479790800	1479877200	Wednesday 23 Nov 2016	1	835
1479877200	1479963600	Thursday 24 Nov 2016	1	592
1479963600	1480050000	Friday 25 Nov 2016	1	103
1480050000	1480136400	Saturday 26 Nov 2016	1	353
1480136400	1480222800	Sunday 27 Nov 2016	1	480
1480222800	1480309200	Monday 28 Nov 2016	1	238
1480309200	1480395600	Tuesday 29 Nov 2016	1	735
1480395600	1480482000	Wednesday 30 Nov 2016	1	862
1480482000	1480568400	Thursday 01 Dec 2016	1	494
1480568400	1480654800	Friday 02 Dec 2016	1	6
1480654800	1480741200	Saturday 03 Dec 2016	1	256
1480741200	1480827600	Sunday 04 Dec 2016	1	383
1480827600	1480914000	Monday 05 Dec 2016	1	140
1480914000	1481000400	Tuesday 06 Dec 2016	1	637
1481000400	1481086800	Wednesday 07 Dec 2016	1	765
1481086800	1481173200	Thursday 08 Dec 2016	1	522
1481173200	1481259600	Friday 09 Dec 2016	1	34
1481259600	1481346000	Saturday 10 Dec 2016	1	284
1481346000	1481432400	Sunday 11 Dec 2016	1	411
1481432400	1481518800	Monday 12 Dec 2016	1	169
1481518800	1481605200	Tuesday 13 Dec 2016	1	666
1481605200	1481691600	Wednesday 14 Dec 2016	1	794
1481691600	1481778000	Thursday 15 Dec 2016	1	551
1481778000	1481864400	Friday 16 Dec 2016	1	63
1481864400	1481950800	Saturday 17 Dec 2016	1	313
1481950800	1482037200	Sunday 18 Dec 2016	1	440
1482037200	1482123600	Monday 19 Dec 2016	1	198
1482123600	1482210000	Tuesday 20 Dec 2016	1	695
1482210000	1482296400	Wednesday 21 Dec 2016	1	823
1482296400	1482382800	Thursday 22 Dec 2016	1	580
1482382800	1482469200	Friday 23 Dec 2016	1	91
1482469200	1482555600	Saturday 24 Dec 2016	1	341
1482555600	1482642000	Sunday 25 Dec 2016	1	468
1482642000	1482728400	Monday 26 Dec 2016	1	226
1482728400	1482814800	Tuesday 27 Dec 2016	1	723
1482814800	1482901200	Wednesday 28 Dec 2016	1	851
1482901200	1482987600	Thursday 29 Dec 2016	1	608
1482987600	1483074000	Friday 30 Dec 2016	1	119
1483074000	1483160400	Saturday 31 Dec 2016	1	369
1483160400	1483246800	Sunday 01 Jan 2017	1	372
1483246800	1483333200	Monday 02 Jan 2017	1	129
1483333200	1483419600	Tuesday 03 Jan 2017	1	626
1483419600	1483506000	Wednesday 04 Jan 2017	1	754
1483506000	1483592400	Thursday 05 Jan 2017	1	511
1483592400	1483678800	Friday 06 Jan 2017	1	23
1483678800	1483765200	Saturday 07 Jan 2017	1	273
1483765200	1483851600	Sunday 08 Jan 2017	1	400
1483851600	1483938000	Monday 09 Jan 2017	1	158
1483938000	1484024400	Tuesday 10 Jan 2017	1	655
1484024400	1484110800	Wednesday 11 Jan 2017	1	783
1484110800	1484197200	Thursday 12 Jan 2017	1	540
1484197200	1484283600	Friday 13 Jan 2017	1	52
1484283600	1484370000	Saturday 14 Jan 2017	1	302
1484370000	1484456400	Sunday 15 Jan 2017	1	429
1484456400	1484542800	Monday 16 Jan 2017	1	187
1484542800	1484629200	Tuesday 17 Jan 2017	1	684
1484629200	1484715600	Wednesday 18 Jan 2017	1	812
1484715600	1484802000	Thursday 19 Jan 2017	1	569
1484802000	1484888400	Friday 20 Jan 2017	1	80
1484888400	1484974800	Saturday 21 Jan 2017	1	330
1484974800	1485061200	Sunday 22 Jan 2017	1	457
1485061200	1485147600	Monday 23 Jan 2017	1	215
1485147600	1485234000	Tuesday 24 Jan 2017	1	712
1485234000	1485320400	Wednesday 25 Jan 2017	1	840
1485320400	1485406800	Thursday 26 Jan 2017	1	597
1485406800	1485493200	Friday 27 Jan 2017	1	108
1485493200	1485579600	Saturday 28 Jan 2017	1	358
1485579600	1485666000	Sunday 29 Jan 2017	1	485
1485666000	1485752400	Monday 30 Jan 2017	1	243
1485752400	1485838800	Tuesday 31 Jan 2017	1	739
1485838800	1485925200	Wednesday 01 Feb 2017	1	742
1485925200	1486011600	Thursday 02 Feb 2017	1	499
1486011600	1486098000	Friday 03 Feb 2017	1	11
1486098000	1486184400	Saturday 04 Feb 2017	1	261
1486184400	1486270800	Sunday 05 Feb 2017	1	388
1486270800	1486357200	Monday 06 Feb 2017	1	145
1486357200	1486443600	Tuesday 07 Feb 2017	1	642
1486443600	1486530000	Wednesday 08 Feb 2017	1	770
1486530000	1486616400	Thursday 09 Feb 2017	1	527
1486616400	1486702800	Friday 10 Feb 2017	1	39
1486702800	1486789200	Saturday 11 Feb 2017	1	289
1486789200	1486875600	Sunday 12 Feb 2017	1	416
1486875600	1486962000	Monday 13 Feb 2017	1	174
1486962000	1487048400	Tuesday 14 Feb 2017	1	671
1487048400	1487134800	Wednesday 15 Feb 2017	1	799
1487134800	1487221200	Thursday 16 Feb 2017	1	556
1487221200	1487307600	Friday 17 Feb 2017	1	68
1487307600	1487394000	Saturday 18 Feb 2017	1	318
1487394000	1487480400	Sunday 19 Feb 2017	1	445
1487480400	1487566800	Monday 20 Feb 2017	1	203
1487566800	1487653200	Tuesday 21 Feb 2017	1	700
1487653200	1487739600	Wednesday 22 Feb 2017	1	828
1487739600	1487826000	Thursday 23 Feb 2017	1	585
1487826000	1487912400	Friday 24 Feb 2017	1	96
1487912400	1487998800	Saturday 25 Feb 2017	1	346
1487998800	1488085200	Sunday 26 Feb 2017	1	473
1488085200	1488171600	Monday 27 Feb 2017	1	231
1488171600	1488258000	Tuesday 28 Feb 2017	1	728
1488258000	1488344400	Wednesday 01 Mar 2017	1	744
1488344400	1488430800	Thursday 02 Mar 2017	1	501
1488430800	1488517200	Friday 03 Mar 2017	1	13
1488517200	1488603600	Saturday 04 Mar 2017	1	263
1488603600	1488690000	Sunday 05 Mar 2017	1	390
1488690000	1488776400	Monday 06 Mar 2017	1	147
1488776400	1488862800	Tuesday 07 Mar 2017	1	644
1488862800	1488949200	Wednesday 08 Mar 2017	1	772
1488949200	1489035600	Thursday 09 Mar 2017	1	529
1489035600	1489122000	Friday 10 Mar 2017	1	41
1489122000	1489208400	Saturday 11 Mar 2017	1	291
1489208400	1489294800	Sunday 12 Mar 2017	1	418
1489294800	1489381200	Monday 13 Mar 2017	1	176
1489381200	1489467600	Tuesday 14 Mar 2017	1	673
1489467600	1489554000	Wednesday 15 Mar 2017	1	801
1489554000	1489640400	Thursday 16 Mar 2017	1	558
1489640400	1489726800	Friday 17 Mar 2017	1	70
1489726800	1489813200	Saturday 18 Mar 2017	1	320
1489813200	1489899600	Sunday 19 Mar 2017	1	447
1489899600	1489986000	Monday 20 Mar 2017	1	205
1489986000	1490072400	Tuesday 21 Mar 2017	1	702
1490072400	1490158800	Wednesday 22 Mar 2017	1	830
1490158800	1490245200	Thursday 23 Mar 2017	1	587
1490245200	1490331600	Friday 24 Mar 2017	1	98
1490331600	1490418000	Saturday 25 Mar 2017	1	348
1490418000	1490504400	Sunday 26 Mar 2017	1	475
1490504400	1490590800	Monday 27 Mar 2017	1	233
1490590800	1490677200	Tuesday 28 Mar 2017	1	730
1490677200	1490763600	Wednesday 29 Mar 2017	1	857
1490763600	1490850000	Thursday 30 Mar 2017	1	613
1490850000	1490936400	Friday 31 Mar 2017	1	123
1490936400	1491022800	Saturday 01 Apr 2017	1	248
1491022800	1491109200	Sunday 02 Apr 2017	1	375
1491109200	1491195600	Monday 03 Apr 2017	1	132
1491195600	1491282000	Tuesday 04 Apr 2017	1	629
1491282000	1491368400	Wednesday 05 Apr 2017	1	757
1491368400	1491454800	Thursday 06 Apr 2017	1	514
1491454800	1491541200	Friday 07 Apr 2017	1	26
1491541200	1491627600	Saturday 08 Apr 2017	1	276
1491627600	1491714000	Sunday 09 Apr 2017	1	403
1491714000	1491800400	Monday 10 Apr 2017	1	161
1491800400	1491886800	Tuesday 11 Apr 2017	1	658
1491886800	1491973200	Wednesday 12 Apr 2017	1	786
1491973200	1492059600	Thursday 13 Apr 2017	1	543
1492059600	1492146000	Friday 14 Apr 2017	1	55
1492146000	1492232400	Saturday 15 Apr 2017	1	305
1492232400	1492318800	Sunday 16 Apr 2017	1	432
1492318800	1492405200	Monday 17 Apr 2017	1	190
1492405200	1492491600	Tuesday 18 Apr 2017	1	687
1492491600	1492578000	Wednesday 19 Apr 2017	1	815
1492578000	1492664400	Thursday 20 Apr 2017	1	572
1492664400	1492750800	Friday 21 Apr 2017	1	83
1492750800	1492837200	Saturday 22 Apr 2017	1	333
1492837200	1492923600	Sunday 23 Apr 2017	1	460
1492923600	1493010000	Monday 24 Apr 2017	1	218
1493010000	1493096400	Tuesday 25 Apr 2017	1	715
1493096400	1493182800	Wednesday 26 Apr 2017	1	843
1493182800	1493269200	Thursday 27 Apr 2017	1	600
1493269200	1493355600	Friday 28 Apr 2017	1	111
1493355600	1493442000	Saturday 29 Apr 2017	1	361
1493442000	1493528400	Sunday 30 Apr 2017	1	488
1493528400	1493614800	Monday 01 May 2017	1	127
1493614800	1493701200	Tuesday 02 May 2017	1	624
1493701200	1493787600	Wednesday 03 May 2017	1	752
1493787600	1493874000	Thursday 04 May 2017	1	509
1493874000	1493960400	Friday 05 May 2017	1	21
1493960400	1494046800	Saturday 06 May 2017	1	271
1494046800	1494133200	Sunday 07 May 2017	1	398
1494133200	1494219600	Monday 08 May 2017	1	156
1494219600	1494306000	Tuesday 09 May 2017	1	653
1494306000	1494392400	Wednesday 10 May 2017	1	781
1494392400	1494478800	Thursday 11 May 2017	1	538
1494478800	1494565200	Friday 12 May 2017	1	50
1494565200	1494651600	Saturday 13 May 2017	1	300
1494651600	1494738000	Sunday 14 May 2017	1	427
1494738000	1494824400	Monday 15 May 2017	1	185
1494824400	1494910800	Tuesday 16 May 2017	1	682
1494910800	1494997200	Wednesday 17 May 2017	1	810
1494997200	1495083600	Thursday 18 May 2017	1	567
1495083600	1495170000	Friday 19 May 2017	1	79
1495170000	1495256400	Saturday 20 May 2017	1	329
1495256400	1495342800	Sunday 21 May 2017	1	456
1495342800	1495429200	Monday 22 May 2017	1	214
1495429200	1495515600	Tuesday 23 May 2017	1	711
1495515600	1495602000	Wednesday 24 May 2017	1	839
1495602000	1495688400	Thursday 25 May 2017	1	596
1495688400	1495774800	Friday 26 May 2017	1	107
1495774800	1495861200	Saturday 27 May 2017	1	357
1495861200	1495947600	Sunday 28 May 2017	1	484
1495947600	1496034000	Monday 29 May 2017	1	242
1496034000	1496120400	Tuesday 30 May 2017	1	738
1496120400	1496206800	Wednesday 31 May 2017	1	865
1496206800	1496293200	Thursday 01 Jun 2017	1	496
1496293200	1496379600	Friday 02 Jun 2017	1	8
1496379600	1496466000	Saturday 03 Jun 2017	1	258
1496466000	1496552400	Sunday 04 Jun 2017	1	385
1496552400	1496638800	Monday 05 Jun 2017	1	142
1496638800	1496725200	Tuesday 06 Jun 2017	1	639
1496725200	1496811600	Wednesday 07 Jun 2017	1	767
1496811600	1496898000	Thursday 08 Jun 2017	1	524
1496898000	1496984400	Friday 09 Jun 2017	1	36
1496984400	1497070800	Saturday 10 Jun 2017	1	286
1497070800	1497157200	Sunday 11 Jun 2017	1	413
1497157200	1497243600	Monday 12 Jun 2017	1	171
1497243600	1497330000	Tuesday 13 Jun 2017	1	668
1497330000	1497416400	Wednesday 14 Jun 2017	1	796
1497416400	1497502800	Thursday 15 Jun 2017	1	553
1497502800	1497589200	Friday 16 Jun 2017	1	65
1497589200	1497675600	Saturday 17 Jun 2017	1	315
1497675600	1497762000	Sunday 18 Jun 2017	1	442
1497762000	1497848400	Monday 19 Jun 2017	1	200
1497848400	1497934800	Tuesday 20 Jun 2017	1	697
1497934800	1498021200	Wednesday 21 Jun 2017	1	825
1498021200	1498107600	Thursday 22 Jun 2017	1	582
1498107600	1498194000	Friday 23 Jun 2017	1	93
1498194000	1498280400	Saturday 24 Jun 2017	1	343
1498280400	1498366800	Sunday 25 Jun 2017	1	470
1498366800	1498453200	Monday 26 Jun 2017	1	228
1498453200	1498539600	Tuesday 27 Jun 2017	1	725
1498539600	1498626000	Wednesday 28 Jun 2017	1	853
1498626000	1498712400	Thursday 29 Jun 2017	1	609
1498712400	1498798800	Friday 30 Jun 2017	1	120
1498798800	1498885200	Saturday 01 Jul 2017	1	249
1498885200	1498971600	Sunday 02 Jul 2017	1	376
1498971600	1499058000	Monday 03 Jul 2017	1	133
1499058000	1499144400	Tuesday 04 Jul 2017	1	630
1499144400	1499230800	Wednesday 05 Jul 2017	1	758
1499230800	1499317200	Thursday 06 Jul 2017	1	515
1499317200	1499403600	Friday 07 Jul 2017	1	27
1499403600	1499490000	Saturday 08 Jul 2017	1	277
1499490000	1499576400	Sunday 09 Jul 2017	1	404
1499576400	1499662800	Monday 10 Jul 2017	1	162
1499662800	1499749200	Tuesday 11 Jul 2017	1	659
1499749200	1499835600	Wednesday 12 Jul 2017	1	787
1499835600	1499922000	Thursday 13 Jul 2017	1	544
1499922000	1500008400	Friday 14 Jul 2017	1	56
1500008400	1500094800	Saturday 15 Jul 2017	1	306
1500094800	1500181200	Sunday 16 Jul 2017	1	433
1500181200	1500267600	Monday 17 Jul 2017	1	191
1500267600	1500354000	Tuesday 18 Jul 2017	1	688
1500354000	1500440400	Wednesday 19 Jul 2017	1	816
1500440400	1500526800	Thursday 20 Jul 2017	1	573
1500526800	1500613200	Friday 21 Jul 2017	1	84
1500613200	1500699600	Saturday 22 Jul 2017	1	334
1500699600	1500786000	Sunday 23 Jul 2017	1	461
1500786000	1500872400	Monday 24 Jul 2017	1	219
1500872400	1500958800	Tuesday 25 Jul 2017	1	716
1500958800	1501045200	Wednesday 26 Jul 2017	1	844
1501045200	1501131600	Thursday 27 Jul 2017	1	601
1501131600	1501218000	Friday 28 Jul 2017	1	112
1501218000	1501304400	Saturday 29 Jul 2017	1	362
1501304400	1501390800	Sunday 30 Jul 2017	1	489
1501390800	1501477200	Monday 31 Jul 2017	1	246
1501477200	1501563600	Tuesday 01 Aug 2017	1	618
1501563600	1501650000	Wednesday 02 Aug 2017	1	746
1501650000	1501736400	Thursday 03 Aug 2017	1	503
1501736400	1501822800	Friday 04 Aug 2017	1	15
1501822800	1501909200	Saturday 05 Aug 2017	1	265
1501909200	1501995600	Sunday 06 Aug 2017	1	392
1501995600	1502082000	Monday 07 Aug 2017	1	149
1502082000	1502168400	Tuesday 08 Aug 2017	1	646
1502168400	1502254800	Wednesday 09 Aug 2017	1	774
1502254800	1502341200	Thursday 10 Aug 2017	1	531
1502341200	1502427600	Friday 11 Aug 2017	1	43
1502427600	1502514000	Saturday 12 Aug 2017	1	293
1502514000	1502600400	Sunday 13 Aug 2017	1	420
1502600400	1502686800	Monday 14 Aug 2017	1	178
1502686800	1502773200	Tuesday 15 Aug 2017	1	675
1502773200	1502859600	Wednesday 16 Aug 2017	1	803
1502859600	1502946000	Thursday 17 Aug 2017	1	560
1502946000	1503032400	Friday 18 Aug 2017	1	72
1503032400	1503118800	Saturday 19 Aug 2017	1	322
1503118800	1503205200	Sunday 20 Aug 2017	1	449
1503205200	1503291600	Monday 21 Aug 2017	1	207
1503291600	1503378000	Tuesday 22 Aug 2017	1	704
1503378000	1503464400	Wednesday 23 Aug 2017	1	832
1503464400	1503550800	Thursday 24 Aug 2017	1	589
1503550800	1503637200	Friday 25 Aug 2017	1	100
1503637200	1503723600	Saturday 26 Aug 2017	1	350
1503723600	1503810000	Sunday 27 Aug 2017	1	477
1503810000	1503896400	Monday 28 Aug 2017	1	235
1503896400	1503982800	Tuesday 29 Aug 2017	1	732
1503982800	1504069200	Wednesday 30 Aug 2017	1	859
1504069200	1504155600	Thursday 31 Aug 2017	1	615
1504155600	1504242000	Friday 01 Sep 2017	1	5
1504242000	1504328400	Saturday 02 Sep 2017	1	255
1504328400	1504414800	Sunday 03 Sep 2017	1	382
1504414800	1504501200	Monday 04 Sep 2017	1	139
1504501200	1504587600	Tuesday 05 Sep 2017	1	636
1504587600	1504674000	Wednesday 06 Sep 2017	1	764
1504674000	1504760400	Thursday 07 Sep 2017	1	521
1504760400	1504846800	Friday 08 Sep 2017	1	33
1504846800	1504933200	Saturday 09 Sep 2017	1	283
1504933200	1505019600	Sunday 10 Sep 2017	1	410
1505019600	1505106000	Monday 11 Sep 2017	1	168
1505106000	1505192400	Tuesday 12 Sep 2017	1	665
1505192400	1505278800	Wednesday 13 Sep 2017	1	793
1505278800	1505365200	Thursday 14 Sep 2017	1	550
1505365200	1505451600	Friday 15 Sep 2017	1	62
1505451600	1505538000	Saturday 16 Sep 2017	1	312
1505538000	1505624400	Sunday 17 Sep 2017	1	439
1505624400	1505710800	Monday 18 Sep 2017	1	197
1505710800	1505797200	Tuesday 19 Sep 2017	1	694
1505797200	1505883600	Wednesday 20 Sep 2017	1	822
1505883600	1505970000	Thursday 21 Sep 2017	1	579
1505970000	1506056400	Friday 22 Sep 2017	1	90
1506056400	1506142800	Saturday 23 Sep 2017	1	340
1506142800	1506229200	Sunday 24 Sep 2017	1	467
1506229200	1506315600	Monday 25 Sep 2017	1	225
1506315600	1506402000	Tuesday 26 Sep 2017	1	722
1506402000	1506488400	Wednesday 27 Sep 2017	1	850
1506488400	1506574800	Thursday 28 Sep 2017	1	607
1506574800	1506661200	Friday 29 Sep 2017	1	118
1506661200	1506747600	Saturday 30 Sep 2017	1	368
1506747600	1506834000	Sunday 01 Oct 2017	1	374
1506834000	1506920400	Monday 02 Oct 2017	1	131
1506920400	1507006800	Tuesday 03 Oct 2017	1	628
1507006800	1507093200	Wednesday 04 Oct 2017	1	756
1507093200	1507179600	Thursday 05 Oct 2017	1	513
1507179600	1507266000	Friday 06 Oct 2017	1	25
1507266000	1507352400	Saturday 07 Oct 2017	1	275
1507352400	1507438800	Sunday 08 Oct 2017	1	402
1507438800	1507525200	Monday 09 Oct 2017	1	160
1507525200	1507611600	Tuesday 10 Oct 2017	1	657
1507611600	1507698000	Wednesday 11 Oct 2017	1	785
1507698000	1507784400	Thursday 12 Oct 2017	1	542
1507784400	1507870800	Friday 13 Oct 2017	1	54
1507870800	1507957200	Saturday 14 Oct 2017	1	304
1507957200	1508043600	Sunday 15 Oct 2017	1	431
1508043600	1508130000	Monday 16 Oct 2017	1	189
1508130000	1508216400	Tuesday 17 Oct 2017	1	686
1508216400	1508302800	Wednesday 18 Oct 2017	1	814
1508302800	1508389200	Thursday 19 Oct 2017	1	571
1508389200	1508475600	Friday 20 Oct 2017	1	82
1508475600	1508562000	Saturday 21 Oct 2017	1	332
1508562000	1508648400	Sunday 22 Oct 2017	1	459
1508648400	1508734800	Monday 23 Oct 2017	1	217
1508734800	1508821200	Tuesday 24 Oct 2017	1	714
1508821200	1508907600	Wednesday 25 Oct 2017	1	842
1508907600	1508994000	Thursday 26 Oct 2017	1	599
1508994000	1509080400	Friday 27 Oct 2017	1	110
1509080400	1509166800	Saturday 28 Oct 2017	1	360
1509166800	1509253200	Sunday 29 Oct 2017	1	487
1509253200	1509339600	Monday 30 Oct 2017	1	245
1509339600	1509426000	Tuesday 31 Oct 2017	1	741
1509426000	1509512400	Wednesday 01 Nov 2017	1	745
1509512400	1509598800	Thursday 02 Nov 2017	1	502
1509598800	1509685200	Friday 03 Nov 2017	1	14
1509685200	1509771600	Saturday 04 Nov 2017	1	264
1509771600	1509858000	Sunday 05 Nov 2017	1	391
1509858000	1509944400	Monday 06 Nov 2017	1	148
1509944400	1510030800	Tuesday 07 Nov 2017	1	645
1510030800	1510117200	Wednesday 08 Nov 2017	1	773
1510117200	1510203600	Thursday 09 Nov 2017	1	530
1510203600	1510290000	Friday 10 Nov 2017	1	42
1510290000	1510376400	Saturday 11 Nov 2017	1	292
1510376400	1510462800	Sunday 12 Nov 2017	1	419
1510462800	1510549200	Monday 13 Nov 2017	1	177
1510549200	1510635600	Tuesday 14 Nov 2017	1	674
1510635600	1510722000	Wednesday 15 Nov 2017	1	802
1510722000	1510808400	Thursday 16 Nov 2017	1	559
1510808400	1510894800	Friday 17 Nov 2017	1	71
1510894800	1510981200	Saturday 18 Nov 2017	1	321
1510981200	1511067600	Sunday 19 Nov 2017	1	448
1511067600	1511154000	Monday 20 Nov 2017	1	206
1511154000	1511240400	Tuesday 21 Nov 2017	1	703
1511240400	1511326800	Wednesday 22 Nov 2017	1	831
1511326800	1511413200	Thursday 23 Nov 2017	1	588
1511413200	1511499600	Friday 24 Nov 2017	1	99
1511499600	1511586000	Saturday 25 Nov 2017	1	349
1511586000	1511672400	Sunday 26 Nov 2017	1	476
1511672400	1511758800	Monday 27 Nov 2017	1	234
1511758800	1511845200	Tuesday 28 Nov 2017	1	731
1511845200	1511931600	Wednesday 29 Nov 2017	1	858
1511931600	1512018000	Thursday 30 Nov 2017	1	614
1512018000	1512104400	Friday 01 Dec 2017	1	2
1512104400	1512190800	Saturday 02 Dec 2017	1	252
1512190800	1512277200	Sunday 03 Dec 2017	1	379
1512277200	1512363600	Monday 04 Dec 2017	1	136
1512363600	1512450000	Tuesday 05 Dec 2017	1	633
1512450000	1512536400	Wednesday 06 Dec 2017	1	761
1512536400	1512622800	Thursday 07 Dec 2017	1	518
1512622800	1512709200	Friday 08 Dec 2017	1	30
1512709200	1512795600	Saturday 09 Dec 2017	1	280
1512795600	1512882000	Sunday 10 Dec 2017	1	407
1512882000	1512968400	Monday 11 Dec 2017	1	165
1512968400	1513054800	Tuesday 12 Dec 2017	1	662
1513054800	1513141200	Wednesday 13 Dec 2017	1	790
1513141200	1513227600	Thursday 14 Dec 2017	1	547
1513227600	1513314000	Friday 15 Dec 2017	1	59
1513314000	1513400400	Saturday 16 Dec 2017	1	309
1513400400	1513486800	Sunday 17 Dec 2017	1	436
1513486800	1513573200	Monday 18 Dec 2017	1	194
1513573200	1513659600	Tuesday 19 Dec 2017	1	691
1513659600	1513746000	Wednesday 20 Dec 2017	1	819
1513746000	1513832400	Thursday 21 Dec 2017	1	576
1513832400	1513918800	Friday 22 Dec 2017	1	87
1513918800	1514005200	Saturday 23 Dec 2017	1	337
1514005200	1514091600	Sunday 24 Dec 2017	1	464
1514091600	1514178000	Monday 25 Dec 2017	1	222
1514178000	1514264400	Tuesday 26 Dec 2017	1	719
1514264400	1514350800	Wednesday 27 Dec 2017	1	847
1514350800	1514437200	Thursday 28 Dec 2017	1	604
1514437200	1514523600	Friday 29 Dec 2017	1	115
1514523600	1514610000	Saturday 30 Dec 2017	1	365
1514610000	1514696400	Sunday 31 Dec 2017	1	491
1514696400	1514782800	Monday 01 Jan 2018	1	126
1514782800	1514869200	Tuesday 02 Jan 2018	1	623
1514869200	1514955600	Wednesday 03 Jan 2018	1	751
1514955600	1515042000	Thursday 04 Jan 2018	1	508
1515042000	1515128400	Friday 05 Jan 2018	1	20
1515128400	1515214800	Saturday 06 Jan 2018	1	270
1515214800	1515301200	Sunday 07 Jan 2018	1	397
1515301200	1515387600	Monday 08 Jan 2018	1	155
1515387600	1515474000	Tuesday 09 Jan 2018	1	652
1515474000	1515560400	Wednesday 10 Jan 2018	1	780
1515560400	1515646800	Thursday 11 Jan 2018	1	537
1515646800	1515733200	Friday 12 Jan 2018	1	49
1515733200	1515819600	Saturday 13 Jan 2018	1	299
1515819600	1515906000	Sunday 14 Jan 2018	1	426
1515906000	1515992400	Monday 15 Jan 2018	1	184
1515992400	1516078800	Tuesday 16 Jan 2018	1	681
1516078800	1516165200	Wednesday 17 Jan 2018	1	809
1516165200	1516251600	Thursday 18 Jan 2018	1	566
1516251600	1516338000	Friday 19 Jan 2018	1	78
1516338000	1516424400	Saturday 20 Jan 2018	1	328
1516424400	1516510800	Sunday 21 Jan 2018	1	455
1516510800	1516597200	Monday 22 Jan 2018	1	213
1516597200	1516683600	Tuesday 23 Jan 2018	1	710
1516683600	1516770000	Wednesday 24 Jan 2018	1	838
1516770000	1516856400	Thursday 25 Jan 2018	1	595
1516856400	1516942800	Friday 26 Jan 2018	1	106
1516942800	1517029200	Saturday 27 Jan 2018	1	356
1517029200	1517115600	Sunday 28 Jan 2018	1	483
1517115600	1517202000	Monday 29 Jan 2018	1	241
1517202000	1517288400	Tuesday 30 Jan 2018	1	737
1517288400	1517374800	Wednesday 31 Jan 2018	1	864
1517374800	1517461200	Thursday 01 Feb 2018	1	495
1517461200	1517547600	Friday 02 Feb 2018	1	7
1517547600	1517634000	Saturday 03 Feb 2018	1	257
1517634000	1517720400	Sunday 04 Feb 2018	1	384
1517720400	1517806800	Monday 05 Feb 2018	1	141
1517806800	1517893200	Tuesday 06 Feb 2018	1	638
1517893200	1517979600	Wednesday 07 Feb 2018	1	766
1517979600	1518066000	Thursday 08 Feb 2018	1	523
1518066000	1518152400	Friday 09 Feb 2018	1	35
1518152400	1518238800	Saturday 10 Feb 2018	1	285
1518238800	1518325200	Sunday 11 Feb 2018	1	412
1518325200	1518411600	Monday 12 Feb 2018	1	170
1518411600	1518498000	Tuesday 13 Feb 2018	1	667
1518498000	1518584400	Wednesday 14 Feb 2018	1	795
1518584400	1518670800	Thursday 15 Feb 2018	1	552
1518670800	1518757200	Friday 16 Feb 2018	1	64
1518757200	1518843600	Saturday 17 Feb 2018	1	314
1518843600	1518930000	Sunday 18 Feb 2018	1	441
1518930000	1519016400	Monday 19 Feb 2018	1	199
1519016400	1519102800	Tuesday 20 Feb 2018	1	696
1519102800	1519189200	Wednesday 21 Feb 2018	1	824
1519189200	1519275600	Thursday 22 Feb 2018	1	581
1519275600	1519362000	Friday 23 Feb 2018	1	92
1519362000	1519448400	Saturday 24 Feb 2018	1	342
1519448400	1519534800	Sunday 25 Feb 2018	1	469
1519534800	1519621200	Monday 26 Feb 2018	1	227
1519621200	1519707600	Tuesday 27 Feb 2018	1	724
1519707600	1519794000	Wednesday 28 Feb 2018	1	852
1519794000	1519880400	Thursday 01 Mar 2018	1	497
1519880400	1519966800	Friday 02 Mar 2018	1	9
1519966800	1520053200	Saturday 03 Mar 2018	1	259
1520053200	1520139600	Sunday 04 Mar 2018	1	386
1520139600	1520226000	Monday 05 Mar 2018	1	143
1520226000	1520312400	Tuesday 06 Mar 2018	1	640
1520312400	1520398800	Wednesday 07 Mar 2018	1	768
1520398800	1520485200	Thursday 08 Mar 2018	1	525
1520485200	1520571600	Friday 09 Mar 2018	1	37
1520571600	1520658000	Saturday 10 Mar 2018	1	287
1520658000	1520744400	Sunday 11 Mar 2018	1	414
1520744400	1520830800	Monday 12 Mar 2018	1	172
1520830800	1520917200	Tuesday 13 Mar 2018	1	669
1520917200	1521003600	Wednesday 14 Mar 2018	1	797
1521003600	1521090000	Thursday 15 Mar 2018	1	554
1521090000	1521176400	Friday 16 Mar 2018	1	66
1521176400	1521262800	Saturday 17 Mar 2018	1	316
1521262800	1521349200	Sunday 18 Mar 2018	1	443
1521349200	1521435600	Monday 19 Mar 2018	1	201
1521435600	1521522000	Tuesday 20 Mar 2018	1	698
1521522000	1521608400	Wednesday 21 Mar 2018	1	826
1521608400	1521694800	Thursday 22 Mar 2018	1	583
1521694800	1521781200	Friday 23 Mar 2018	1	94
1521781200	1521867600	Saturday 24 Mar 2018	1	344
1521867600	1521954000	Sunday 25 Mar 2018	1	471
1521954000	1522040400	Monday 26 Mar 2018	1	229
1522040400	1522126800	Tuesday 27 Mar 2018	1	726
1522126800	1522213200	Wednesday 28 Mar 2018	1	854
1522213200	1522299600	Thursday 29 Mar 2018	1	610
1522299600	1522386000	Friday 30 Mar 2018	1	121
1522386000	1522472400	Saturday 31 Mar 2018	1	370
1522472400	1522558800	Sunday 01 Apr 2018	1	371
1522558800	1522645200	Monday 02 Apr 2018	1	128
1522645200	1522731600	Tuesday 03 Apr 2018	1	625
1522731600	1522818000	Wednesday 04 Apr 2018	1	753
1522818000	1522904400	Thursday 05 Apr 2018	1	510
1522904400	1522990800	Friday 06 Apr 2018	1	22
1522990800	1523077200	Saturday 07 Apr 2018	1	272
1523077200	1523163600	Sunday 08 Apr 2018	1	399
1523163600	1523250000	Monday 09 Apr 2018	1	157
1523250000	1523336400	Tuesday 10 Apr 2018	1	654
1523336400	1523422800	Wednesday 11 Apr 2018	1	782
1523422800	1523509200	Thursday 12 Apr 2018	1	539
1523509200	1523595600	Friday 13 Apr 2018	1	51
1523595600	1523682000	Saturday 14 Apr 2018	1	301
1523682000	1523768400	Sunday 15 Apr 2018	1	428
1523768400	1523854800	Monday 16 Apr 2018	1	186
1523854800	1523941200	Tuesday 17 Apr 2018	1	683
1523941200	1524027600	Wednesday 18 Apr 2018	1	811
1524027600	1524114000	Thursday 19 Apr 2018	1	568
1449378000	1449464400	Monday 07 Dec 2015	2	150
1449464400	1449550800	Tuesday 08 Dec 2015	2	647
1449550800	1449637200	Wednesday 09 Dec 2015	2	775
1449637200	1449723600	Thursday 10 Dec 2015	2	532
1449723600	1449810000	Friday 11 Dec 2015	2	44
1449810000	1449896400	Saturday 12 Dec 2015	2	294
1449896400	1449982800	Sunday 13 Dec 2015	2	421
1449982800	1450069200	Monday 14 Dec 2015	2	179
1450069200	1450155600	Tuesday 15 Dec 2015	2	676
1450155600	1450242000	Wednesday 16 Dec 2015	2	804
1450242000	1450328400	Thursday 17 Dec 2015	2	561
1450328400	1450414800	Friday 18 Dec 2015	2	73
1450414800	1450501200	Saturday 19 Dec 2015	2	323
1450501200	1450587600	Sunday 20 Dec 2015	2	450
1450587600	1450674000	Monday 21 Dec 2015	2	208
1450674000	1450760400	Tuesday 22 Dec 2015	2	705
1450760400	1450846800	Wednesday 23 Dec 2015	2	833
1450846800	1450933200	Thursday 24 Dec 2015	2	590
1450933200	1451019600	Friday 25 Dec 2015	2	101
1451019600	1451106000	Saturday 26 Dec 2015	2	351
1451106000	1451192400	Sunday 27 Dec 2015	2	478
1451192400	1451278800	Monday 28 Dec 2015	2	236
1451278800	1451365200	Tuesday 29 Dec 2015	2	733
1451365200	1451451600	Wednesday 30 Dec 2015	2	860
1451451600	1451538000	Thursday 31 Dec 2015	2	616
1451538000	1451624400	Friday 01 Jan 2016	2	3
1451624400	1451710800	Saturday 02 Jan 2016	2	253
1451710800	1451797200	Sunday 03 Jan 2016	2	380
1451797200	1451883600	Monday 04 Jan 2016	2	137
1451883600	1451970000	Tuesday 05 Jan 2016	2	634
1451970000	1452056400	Wednesday 06 Jan 2016	2	762
1452056400	1452142800	Thursday 07 Jan 2016	2	519
1452142800	1452229200	Friday 08 Jan 2016	2	31
1452229200	1452315600	Saturday 09 Jan 2016	2	281
1452315600	1452402000	Sunday 10 Jan 2016	2	408
1452402000	1452488400	Monday 11 Jan 2016	2	166
1452488400	1452574800	Tuesday 12 Jan 2016	2	663
1452574800	1452661200	Wednesday 13 Jan 2016	2	791
1452661200	1452747600	Thursday 14 Jan 2016	2	548
1452747600	1452834000	Friday 15 Jan 2016	2	60
1452834000	1452920400	Saturday 16 Jan 2016	2	310
1452920400	1453006800	Sunday 17 Jan 2016	2	437
1453006800	1453093200	Monday 18 Jan 2016	2	195
1453093200	1453179600	Tuesday 19 Jan 2016	2	692
1453179600	1453266000	Wednesday 20 Jan 2016	2	820
1453266000	1453352400	Thursday 21 Jan 2016	2	577
1453352400	1453438800	Friday 22 Jan 2016	2	88
1453438800	1453525200	Saturday 23 Jan 2016	2	338
1453525200	1453611600	Sunday 24 Jan 2016	2	465
1453611600	1453698000	Monday 25 Jan 2016	2	223
1453698000	1453784400	Tuesday 26 Jan 2016	2	720
1453784400	1453870800	Wednesday 27 Jan 2016	2	848
1453870800	1453957200	Thursday 28 Jan 2016	2	605
1453957200	1454043600	Friday 29 Jan 2016	2	116
1454043600	1454130000	Saturday 30 Jan 2016	2	366
1454130000	1454216400	Sunday 31 Jan 2016	2	492
1454216400	1454302800	Monday 01 Feb 2016	2	125
1454302800	1454389200	Tuesday 02 Feb 2016	2	622
1454389200	1454475600	Wednesday 03 Feb 2016	2	750
1454475600	1454562000	Thursday 04 Feb 2016	2	507
1454562000	1454648400	Friday 05 Feb 2016	2	19
1454648400	1454734800	Saturday 06 Feb 2016	2	269
1454734800	1454821200	Sunday 07 Feb 2016	2	396
1454821200	1454907600	Monday 08 Feb 2016	2	154
1454907600	1454994000	Tuesday 09 Feb 2016	2	651
1454994000	1455080400	Wednesday 10 Feb 2016	2	779
1455080400	1455166800	Thursday 11 Feb 2016	2	536
1455166800	1455253200	Friday 12 Feb 2016	2	48
1455253200	1455339600	Saturday 13 Feb 2016	2	298
1455339600	1455426000	Sunday 14 Feb 2016	2	425
1455426000	1455512400	Monday 15 Feb 2016	2	183
1455512400	1455598800	Tuesday 16 Feb 2016	2	680
1455598800	1455685200	Wednesday 17 Feb 2016	2	808
1455685200	1455771600	Thursday 18 Feb 2016	2	565
1455771600	1455858000	Friday 19 Feb 2016	2	77
1455858000	1455944400	Saturday 20 Feb 2016	2	327
1455944400	1456030800	Sunday 21 Feb 2016	2	454
1456030800	1456117200	Monday 22 Feb 2016	2	212
1456117200	1456203600	Tuesday 23 Feb 2016	2	709
1456203600	1456290000	Wednesday 24 Feb 2016	2	837
1456290000	1456376400	Thursday 25 Feb 2016	2	594
1456376400	1456462800	Friday 26 Feb 2016	2	105
1456462800	1456549200	Saturday 27 Feb 2016	2	355
1456549200	1456635600	Sunday 28 Feb 2016	2	482
1456635600	1456722000	Monday 29 Feb 2016	2	240
1456722000	1456808400	Tuesday 01 Mar 2016	2	619
1456808400	1456894800	Wednesday 02 Mar 2016	2	747
1456894800	1456981200	Thursday 03 Mar 2016	2	504
1456981200	1457067600	Friday 04 Mar 2016	2	16
1457067600	1457154000	Saturday 05 Mar 2016	2	266
1457154000	1457240400	Sunday 06 Mar 2016	2	393
1457240400	1457326800	Monday 07 Mar 2016	2	151
1457326800	1457413200	Tuesday 08 Mar 2016	2	648
1457413200	1457499600	Wednesday 09 Mar 2016	2	776
1457499600	1457586000	Thursday 10 Mar 2016	2	533
1457586000	1457672400	Friday 11 Mar 2016	2	45
1457672400	1457758800	Saturday 12 Mar 2016	2	295
1457758800	1457845200	Sunday 13 Mar 2016	2	422
1457845200	1457931600	Monday 14 Mar 2016	2	180
1457931600	1458018000	Tuesday 15 Mar 2016	2	677
1458018000	1458104400	Wednesday 16 Mar 2016	2	805
1458104400	1458190800	Thursday 17 Mar 2016	2	562
1458190800	1458277200	Friday 18 Mar 2016	2	74
1458277200	1458363600	Saturday 19 Mar 2016	2	324
1458363600	1458450000	Sunday 20 Mar 2016	2	451
1458450000	1458536400	Monday 21 Mar 2016	2	209
1458536400	1458622800	Tuesday 22 Mar 2016	2	706
1458622800	1458709200	Wednesday 23 Mar 2016	2	834
1458709200	1458795600	Thursday 24 Mar 2016	2	591
1458795600	1458882000	Friday 25 Mar 2016	2	102
1458882000	1458968400	Saturday 26 Mar 2016	2	352
1458968400	1459054800	Sunday 27 Mar 2016	2	479
1459054800	1459141200	Monday 28 Mar 2016	2	237
1459141200	1459227600	Tuesday 29 Mar 2016	2	734
1459227600	1459314000	Wednesday 30 Mar 2016	2	861
1459314000	1459400400	Thursday 31 Mar 2016	2	617
1459400400	1459486800	Friday 01 Apr 2016	2	1
1459486800	1459573200	Saturday 02 Apr 2016	2	251
1459573200	1459659600	Sunday 03 Apr 2016	2	378
1459659600	1459746000	Monday 04 Apr 2016	2	135
1459746000	1459832400	Tuesday 05 Apr 2016	2	632
1459832400	1459918800	Wednesday 06 Apr 2016	2	760
1459918800	1460005200	Thursday 07 Apr 2016	2	517
1460005200	1460091600	Friday 08 Apr 2016	2	29
1460091600	1460178000	Saturday 09 Apr 2016	2	279
1460178000	1460264400	Sunday 10 Apr 2016	2	406
1460264400	1460350800	Monday 11 Apr 2016	2	164
1460350800	1460437200	Tuesday 12 Apr 2016	2	661
1460437200	1460523600	Wednesday 13 Apr 2016	2	789
1460523600	1460610000	Thursday 14 Apr 2016	2	546
1460610000	1460696400	Friday 15 Apr 2016	2	58
1460696400	1460782800	Saturday 16 Apr 2016	2	308
1460782800	1460869200	Sunday 17 Apr 2016	2	435
1460869200	1460955600	Monday 18 Apr 2016	2	193
1460955600	1461042000	Tuesday 19 Apr 2016	2	690
1461042000	1461128400	Wednesday 20 Apr 2016	2	818
1461128400	1461214800	Thursday 21 Apr 2016	2	575
1461214800	1461301200	Friday 22 Apr 2016	2	86
1461301200	1461387600	Saturday 23 Apr 2016	2	336
1461387600	1461474000	Sunday 24 Apr 2016	2	463
1461474000	1461560400	Monday 25 Apr 2016	2	221
1461560400	1461646800	Tuesday 26 Apr 2016	2	718
1461646800	1461733200	Wednesday 27 Apr 2016	2	846
1461733200	1461819600	Thursday 28 Apr 2016	2	603
1461819600	1461906000	Friday 29 Apr 2016	2	114
1461906000	1461992400	Saturday 30 Apr 2016	2	364
1461992400	1462078800	Sunday 01 May 2016	2	373
1462078800	1462165200	Monday 02 May 2016	2	130
1462165200	1462251600	Tuesday 03 May 2016	2	627
1462251600	1462338000	Wednesday 04 May 2016	2	755
1462338000	1462424400	Thursday 05 May 2016	2	512
1462424400	1462510800	Friday 06 May 2016	2	24
1462510800	1462597200	Saturday 07 May 2016	2	274
1462597200	1462683600	Sunday 08 May 2016	2	401
1462683600	1462770000	Monday 09 May 2016	2	159
1462770000	1462856400	Tuesday 10 May 2016	2	656
1462856400	1462942800	Wednesday 11 May 2016	2	784
1462942800	1463029200	Thursday 12 May 2016	2	541
1463029200	1463115600	Friday 13 May 2016	2	53
1463115600	1463202000	Saturday 14 May 2016	2	303
1463202000	1463288400	Sunday 15 May 2016	2	430
1463288400	1463374800	Monday 16 May 2016	2	188
1463374800	1463461200	Tuesday 17 May 2016	2	685
1463461200	1463547600	Wednesday 18 May 2016	2	813
1463547600	1463634000	Thursday 19 May 2016	2	570
1463634000	1463720400	Friday 20 May 2016	2	81
1463720400	1463806800	Saturday 21 May 2016	2	331
1463806800	1463893200	Sunday 22 May 2016	2	458
1463893200	1463979600	Monday 23 May 2016	2	216
1463979600	1464066000	Tuesday 24 May 2016	2	713
1464066000	1464152400	Wednesday 25 May 2016	2	841
1464152400	1464238800	Thursday 26 May 2016	2	598
1464238800	1464325200	Friday 27 May 2016	2	109
1464325200	1464411600	Saturday 28 May 2016	2	359
1464411600	1464498000	Sunday 29 May 2016	2	486
1464498000	1464584400	Monday 30 May 2016	2	244
1464584400	1464670800	Tuesday 31 May 2016	2	740
1464670800	1464757200	Wednesday 01 Jun 2016	2	743
1464757200	1464843600	Thursday 02 Jun 2016	2	500
1464843600	1464930000	Friday 03 Jun 2016	2	12
1464930000	1465016400	Saturday 04 Jun 2016	2	262
1465016400	1465102800	Sunday 05 Jun 2016	2	389
1465102800	1465189200	Monday 06 Jun 2016	2	146
1465189200	1465275600	Tuesday 07 Jun 2016	2	643
1465275600	1465362000	Wednesday 08 Jun 2016	2	771
1465362000	1465448400	Thursday 09 Jun 2016	2	528
1465448400	1465534800	Friday 10 Jun 2016	2	40
1465534800	1465621200	Saturday 11 Jun 2016	2	290
1465621200	1465707600	Sunday 12 Jun 2016	2	417
1465707600	1465794000	Monday 13 Jun 2016	2	175
1465794000	1465880400	Tuesday 14 Jun 2016	2	672
1465880400	1465966800	Wednesday 15 Jun 2016	2	800
1465966800	1466053200	Thursday 16 Jun 2016	2	557
1466053200	1466139600	Friday 17 Jun 2016	2	69
1466139600	1466226000	Saturday 18 Jun 2016	2	319
1466226000	1466312400	Sunday 19 Jun 2016	2	446
1466312400	1466398800	Monday 20 Jun 2016	2	204
1466398800	1466485200	Tuesday 21 Jun 2016	2	701
1466485200	1466571600	Wednesday 22 Jun 2016	2	829
1466571600	1466658000	Thursday 23 Jun 2016	2	586
1466658000	1466744400	Friday 24 Jun 2016	2	97
1466744400	1466830800	Saturday 25 Jun 2016	2	347
1466830800	1466917200	Sunday 26 Jun 2016	2	474
1466917200	1467003600	Monday 27 Jun 2016	2	232
1467003600	1467090000	Tuesday 28 Jun 2016	2	729
1467090000	1467176400	Wednesday 29 Jun 2016	2	856
1467176400	1467262800	Thursday 30 Jun 2016	2	612
1467262800	1467349200	Friday 01 Jul 2016	2	4
1467349200	1467435600	Saturday 02 Jul 2016	2	254
1467435600	1467522000	Sunday 03 Jul 2016	2	381
1467522000	1467608400	Monday 04 Jul 2016	2	138
1467608400	1467694800	Tuesday 05 Jul 2016	2	635
1467694800	1467781200	Wednesday 06 Jul 2016	2	763
1467781200	1467867600	Thursday 07 Jul 2016	2	520
1467867600	1467954000	Friday 08 Jul 2016	2	32
1467954000	1468040400	Saturday 09 Jul 2016	2	282
1468040400	1468126800	Sunday 10 Jul 2016	2	409
1468126800	1468213200	Monday 11 Jul 2016	2	167
1468213200	1468299600	Tuesday 12 Jul 2016	2	664
1468299600	1468386000	Wednesday 13 Jul 2016	2	792
1468386000	1468472400	Thursday 14 Jul 2016	2	549
1468472400	1468558800	Friday 15 Jul 2016	2	61
1468558800	1468645200	Saturday 16 Jul 2016	2	311
1468645200	1468731600	Sunday 17 Jul 2016	2	438
1468731600	1468818000	Monday 18 Jul 2016	2	196
1468818000	1468904400	Tuesday 19 Jul 2016	2	693
1468904400	1468990800	Wednesday 20 Jul 2016	2	821
1468990800	1469077200	Thursday 21 Jul 2016	2	578
1469077200	1469163600	Friday 22 Jul 2016	2	89
1469163600	1469250000	Saturday 23 Jul 2016	2	339
1469250000	1469336400	Sunday 24 Jul 2016	2	466
1469336400	1469422800	Monday 25 Jul 2016	2	224
1469422800	1469509200	Tuesday 26 Jul 2016	2	721
1469509200	1469595600	Wednesday 27 Jul 2016	2	849
1469595600	1469682000	Thursday 28 Jul 2016	2	606
1469682000	1469768400	Friday 29 Jul 2016	2	117
1469768400	1469854800	Saturday 30 Jul 2016	2	367
1469854800	1469941200	Sunday 31 Jul 2016	2	493
1469941200	1470027600	Monday 01 Aug 2016	2	124
1470027600	1470114000	Tuesday 02 Aug 2016	2	621
1470114000	1470200400	Wednesday 03 Aug 2016	2	749
1470200400	1470286800	Thursday 04 Aug 2016	2	506
1470286800	1470373200	Friday 05 Aug 2016	2	18
1470373200	1470459600	Saturday 06 Aug 2016	2	268
1470459600	1470546000	Sunday 07 Aug 2016	2	395
1470546000	1470632400	Monday 08 Aug 2016	2	153
1470632400	1470718800	Tuesday 09 Aug 2016	2	650
1470718800	1470805200	Wednesday 10 Aug 2016	2	778
1470805200	1470891600	Thursday 11 Aug 2016	2	535
1470891600	1470978000	Friday 12 Aug 2016	2	47
1470978000	1471064400	Saturday 13 Aug 2016	2	297
1471064400	1471150800	Sunday 14 Aug 2016	2	424
1471150800	1471237200	Monday 15 Aug 2016	2	182
1471237200	1471323600	Tuesday 16 Aug 2016	2	679
1471323600	1471410000	Wednesday 17 Aug 2016	2	807
1471410000	1471496400	Thursday 18 Aug 2016	2	564
1471496400	1471582800	Friday 19 Aug 2016	2	76
1471582800	1471669200	Saturday 20 Aug 2016	2	326
1471669200	1471755600	Sunday 21 Aug 2016	2	453
1471755600	1471842000	Monday 22 Aug 2016	2	211
1471842000	1471928400	Tuesday 23 Aug 2016	2	708
1471928400	1472014800	Wednesday 24 Aug 2016	2	836
1472014800	1472101200	Thursday 25 Aug 2016	2	593
1472101200	1472187600	Friday 26 Aug 2016	2	104
1472187600	1472274000	Saturday 27 Aug 2016	2	354
1472274000	1472360400	Sunday 28 Aug 2016	2	481
1472360400	1472446800	Monday 29 Aug 2016	2	239
1472446800	1472533200	Tuesday 30 Aug 2016	2	736
1472533200	1472619600	Wednesday 31 Aug 2016	2	863
1472619600	1472706000	Thursday 01 Sep 2016	2	498
1472706000	1472792400	Friday 02 Sep 2016	2	10
1472792400	1472878800	Saturday 03 Sep 2016	2	260
1472878800	1472965200	Sunday 04 Sep 2016	2	387
1472965200	1473051600	Monday 05 Sep 2016	2	144
1473051600	1473138000	Tuesday 06 Sep 2016	2	641
1473138000	1473224400	Wednesday 07 Sep 2016	2	769
1473224400	1473310800	Thursday 08 Sep 2016	2	526
1473310800	1473397200	Friday 09 Sep 2016	2	38
1473397200	1473483600	Saturday 10 Sep 2016	2	288
1473483600	1473570000	Sunday 11 Sep 2016	2	415
1473570000	1473656400	Monday 12 Sep 2016	2	173
1473656400	1473742800	Tuesday 13 Sep 2016	2	670
1473742800	1473829200	Wednesday 14 Sep 2016	2	798
1473829200	1473915600	Thursday 15 Sep 2016	2	555
1473915600	1474002000	Friday 16 Sep 2016	2	67
1474002000	1474088400	Saturday 17 Sep 2016	2	317
1474088400	1474174800	Sunday 18 Sep 2016	2	444
1474174800	1474261200	Monday 19 Sep 2016	2	202
1474261200	1474347600	Tuesday 20 Sep 2016	2	699
1474347600	1474434000	Wednesday 21 Sep 2016	2	827
1474434000	1474520400	Thursday 22 Sep 2016	2	584
1474520400	1474606800	Friday 23 Sep 2016	2	95
1474606800	1474693200	Saturday 24 Sep 2016	2	345
1474693200	1474779600	Sunday 25 Sep 2016	2	472
1474779600	1474866000	Monday 26 Sep 2016	2	230
1474866000	1474952400	Tuesday 27 Sep 2016	2	727
1474952400	1475038800	Wednesday 28 Sep 2016	2	855
1475038800	1475125200	Thursday 29 Sep 2016	2	611
1475125200	1475211600	Friday 30 Sep 2016	2	122
1475211600	1475298000	Saturday 01 Oct 2016	2	250
1475298000	1475384400	Sunday 02 Oct 2016	2	377
1475384400	1475470800	Monday 03 Oct 2016	2	134
1475470800	1475557200	Tuesday 04 Oct 2016	2	631
1475557200	1475643600	Wednesday 05 Oct 2016	2	759
1475643600	1475730000	Thursday 06 Oct 2016	2	516
1475730000	1475816400	Friday 07 Oct 2016	2	28
1475816400	1475902800	Saturday 08 Oct 2016	2	278
1475902800	1475989200	Sunday 09 Oct 2016	2	405
1475989200	1476075600	Monday 10 Oct 2016	2	163
1476075600	1476162000	Tuesday 11 Oct 2016	2	660
1476162000	1476248400	Wednesday 12 Oct 2016	2	788
1476248400	1476334800	Thursday 13 Oct 2016	2	545
1476334800	1476421200	Friday 14 Oct 2016	2	57
1476421200	1476507600	Saturday 15 Oct 2016	2	307
1476507600	1476594000	Sunday 16 Oct 2016	2	434
1476594000	1476680400	Monday 17 Oct 2016	2	192
1476680400	1476766800	Tuesday 18 Oct 2016	2	689
1476766800	1476853200	Wednesday 19 Oct 2016	2	817
1476853200	1476939600	Thursday 20 Oct 2016	2	574
1476939600	1477026000	Friday 21 Oct 2016	2	85
1477026000	1477112400	Saturday 22 Oct 2016	2	335
1477112400	1477198800	Sunday 23 Oct 2016	2	462
1477198800	1477285200	Monday 24 Oct 2016	2	220
1477285200	1477371600	Tuesday 25 Oct 2016	2	717
1477371600	1477458000	Wednesday 26 Oct 2016	2	845
1477458000	1477544400	Thursday 27 Oct 2016	2	602
1477544400	1477630800	Friday 28 Oct 2016	2	113
1477630800	1477717200	Saturday 29 Oct 2016	2	363
1477717200	1477803600	Sunday 30 Oct 2016	2	490
1477803600	1477890000	Monday 31 Oct 2016	2	247
1477890000	1477976400	Tuesday 01 Nov 2016	2	620
1477976400	1478062800	Wednesday 02 Nov 2016	2	748
1478062800	1478149200	Thursday 03 Nov 2016	2	505
1478149200	1478235600	Friday 04 Nov 2016	2	17
1478235600	1478322000	Saturday 05 Nov 2016	2	267
1478322000	1478408400	Sunday 06 Nov 2016	2	394
1478408400	1478494800	Monday 07 Nov 2016	2	152
1478494800	1478581200	Tuesday 08 Nov 2016	2	649
1478581200	1478667600	Wednesday 09 Nov 2016	2	777
1478667600	1478754000	Thursday 10 Nov 2016	2	534
1478754000	1478840400	Friday 11 Nov 2016	2	46
1478840400	1478926800	Saturday 12 Nov 2016	2	296
1478926800	1479013200	Sunday 13 Nov 2016	2	423
1479013200	1479099600	Monday 14 Nov 2016	2	181
1479099600	1479186000	Tuesday 15 Nov 2016	2	678
1479186000	1479272400	Wednesday 16 Nov 2016	2	806
1479272400	1479358800	Thursday 17 Nov 2016	2	563
1479358800	1479445200	Friday 18 Nov 2016	2	75
1479445200	1479531600	Saturday 19 Nov 2016	2	325
1479531600	1479618000	Sunday 20 Nov 2016	2	452
1479618000	1479704400	Monday 21 Nov 2016	2	210
1479704400	1479790800	Tuesday 22 Nov 2016	2	707
1479790800	1479877200	Wednesday 23 Nov 2016	2	835
1479877200	1479963600	Thursday 24 Nov 2016	2	592
1479963600	1480050000	Friday 25 Nov 2016	2	103
1480050000	1480136400	Saturday 26 Nov 2016	2	353
1480136400	1480222800	Sunday 27 Nov 2016	2	480
1480222800	1480309200	Monday 28 Nov 2016	2	238
1480309200	1480395600	Tuesday 29 Nov 2016	2	735
1480395600	1480482000	Wednesday 30 Nov 2016	2	862
1480482000	1480568400	Thursday 01 Dec 2016	2	494
1480568400	1480654800	Friday 02 Dec 2016	2	6
1480654800	1480741200	Saturday 03 Dec 2016	2	256
1480741200	1480827600	Sunday 04 Dec 2016	2	383
1480827600	1480914000	Monday 05 Dec 2016	2	140
1480914000	1481000400	Tuesday 06 Dec 2016	2	637
1481000400	1481086800	Wednesday 07 Dec 2016	2	765
1481086800	1481173200	Thursday 08 Dec 2016	2	522
1481173200	1481259600	Friday 09 Dec 2016	2	34
1481259600	1481346000	Saturday 10 Dec 2016	2	284
1481346000	1481432400	Sunday 11 Dec 2016	2	411
1481432400	1481518800	Monday 12 Dec 2016	2	169
1481518800	1481605200	Tuesday 13 Dec 2016	2	666
1481605200	1481691600	Wednesday 14 Dec 2016	2	794
1481691600	1481778000	Thursday 15 Dec 2016	2	551
1481778000	1481864400	Friday 16 Dec 2016	2	63
1481864400	1481950800	Saturday 17 Dec 2016	2	313
1481950800	1482037200	Sunday 18 Dec 2016	2	440
1482037200	1482123600	Monday 19 Dec 2016	2	198
1482123600	1482210000	Tuesday 20 Dec 2016	2	695
1482210000	1482296400	Wednesday 21 Dec 2016	2	823
1482296400	1482382800	Thursday 22 Dec 2016	2	580
1482382800	1482469200	Friday 23 Dec 2016	2	91
1482469200	1482555600	Saturday 24 Dec 2016	2	341
1482555600	1482642000	Sunday 25 Dec 2016	2	468
1482642000	1482728400	Monday 26 Dec 2016	2	226
1482728400	1482814800	Tuesday 27 Dec 2016	2	723
1482814800	1482901200	Wednesday 28 Dec 2016	2	851
1482901200	1482987600	Thursday 29 Dec 2016	2	608
1482987600	1483074000	Friday 30 Dec 2016	2	119
1483074000	1483160400	Saturday 31 Dec 2016	2	369
1483160400	1483246800	Sunday 01 Jan 2017	2	372
1483246800	1483333200	Monday 02 Jan 2017	2	129
1483333200	1483419600	Tuesday 03 Jan 2017	2	626
1483419600	1483506000	Wednesday 04 Jan 2017	2	754
1483506000	1483592400	Thursday 05 Jan 2017	2	511
1483592400	1483678800	Friday 06 Jan 2017	2	23
1483678800	1483765200	Saturday 07 Jan 2017	2	273
1483765200	1483851600	Sunday 08 Jan 2017	2	400
1483851600	1483938000	Monday 09 Jan 2017	2	158
1483938000	1484024400	Tuesday 10 Jan 2017	2	655
1484024400	1484110800	Wednesday 11 Jan 2017	2	783
1484110800	1484197200	Thursday 12 Jan 2017	2	540
1484197200	1484283600	Friday 13 Jan 2017	2	52
1484283600	1484370000	Saturday 14 Jan 2017	2	302
1484370000	1484456400	Sunday 15 Jan 2017	2	429
1484456400	1484542800	Monday 16 Jan 2017	2	187
1484542800	1484629200	Tuesday 17 Jan 2017	2	684
1484629200	1484715600	Wednesday 18 Jan 2017	2	812
1484715600	1484802000	Thursday 19 Jan 2017	2	569
1484802000	1484888400	Friday 20 Jan 2017	2	80
1484888400	1484974800	Saturday 21 Jan 2017	2	330
1484974800	1485061200	Sunday 22 Jan 2017	2	457
1485061200	1485147600	Monday 23 Jan 2017	2	215
1485147600	1485234000	Tuesday 24 Jan 2017	2	712
1485234000	1485320400	Wednesday 25 Jan 2017	2	840
1485320400	1485406800	Thursday 26 Jan 2017	2	597
1485406800	1485493200	Friday 27 Jan 2017	2	108
1485493200	1485579600	Saturday 28 Jan 2017	2	358
1485579600	1485666000	Sunday 29 Jan 2017	2	485
1485666000	1485752400	Monday 30 Jan 2017	2	243
1485752400	1485838800	Tuesday 31 Jan 2017	2	739
1485838800	1485925200	Wednesday 01 Feb 2017	2	742
1485925200	1486011600	Thursday 02 Feb 2017	2	499
1486011600	1486098000	Friday 03 Feb 2017	2	11
1486098000	1486184400	Saturday 04 Feb 2017	2	261
1486184400	1486270800	Sunday 05 Feb 2017	2	388
1486270800	1486357200	Monday 06 Feb 2017	2	145
1486357200	1486443600	Tuesday 07 Feb 2017	2	642
1486443600	1486530000	Wednesday 08 Feb 2017	2	770
1486530000	1486616400	Thursday 09 Feb 2017	2	527
1486616400	1486702800	Friday 10 Feb 2017	2	39
1486702800	1486789200	Saturday 11 Feb 2017	2	289
1486789200	1486875600	Sunday 12 Feb 2017	2	416
1486875600	1486962000	Monday 13 Feb 2017	2	174
1486962000	1487048400	Tuesday 14 Feb 2017	2	671
1487048400	1487134800	Wednesday 15 Feb 2017	2	799
1487134800	1487221200	Thursday 16 Feb 2017	2	556
1487221200	1487307600	Friday 17 Feb 2017	2	68
1487307600	1487394000	Saturday 18 Feb 2017	2	318
1487394000	1487480400	Sunday 19 Feb 2017	2	445
1487480400	1487566800	Monday 20 Feb 2017	2	203
1487566800	1487653200	Tuesday 21 Feb 2017	2	700
1487653200	1487739600	Wednesday 22 Feb 2017	2	828
1487739600	1487826000	Thursday 23 Feb 2017	2	585
1487826000	1487912400	Friday 24 Feb 2017	2	96
1487912400	1487998800	Saturday 25 Feb 2017	2	346
1487998800	1488085200	Sunday 26 Feb 2017	2	473
1488085200	1488171600	Monday 27 Feb 2017	2	231
1488171600	1488258000	Tuesday 28 Feb 2017	2	728
1488258000	1488344400	Wednesday 01 Mar 2017	2	744
1488344400	1488430800	Thursday 02 Mar 2017	2	501
1488430800	1488517200	Friday 03 Mar 2017	2	13
1488517200	1488603600	Saturday 04 Mar 2017	2	263
1488603600	1488690000	Sunday 05 Mar 2017	2	390
1488690000	1488776400	Monday 06 Mar 2017	2	147
1488776400	1488862800	Tuesday 07 Mar 2017	2	644
1488862800	1488949200	Wednesday 08 Mar 2017	2	772
1488949200	1489035600	Thursday 09 Mar 2017	2	529
1489035600	1489122000	Friday 10 Mar 2017	2	41
1489122000	1489208400	Saturday 11 Mar 2017	2	291
1489208400	1489294800	Sunday 12 Mar 2017	2	418
1489294800	1489381200	Monday 13 Mar 2017	2	176
1489381200	1489467600	Tuesday 14 Mar 2017	2	673
1489467600	1489554000	Wednesday 15 Mar 2017	2	801
1489554000	1489640400	Thursday 16 Mar 2017	2	558
1489640400	1489726800	Friday 17 Mar 2017	2	70
1489726800	1489813200	Saturday 18 Mar 2017	2	320
1489813200	1489899600	Sunday 19 Mar 2017	2	447
1489899600	1489986000	Monday 20 Mar 2017	2	205
1489986000	1490072400	Tuesday 21 Mar 2017	2	702
1490072400	1490158800	Wednesday 22 Mar 2017	2	830
1490158800	1490245200	Thursday 23 Mar 2017	2	587
1490245200	1490331600	Friday 24 Mar 2017	2	98
1490331600	1490418000	Saturday 25 Mar 2017	2	348
1490418000	1490504400	Sunday 26 Mar 2017	2	475
1490504400	1490590800	Monday 27 Mar 2017	2	233
1490590800	1490677200	Tuesday 28 Mar 2017	2	730
1490677200	1490763600	Wednesday 29 Mar 2017	2	857
1490763600	1490850000	Thursday 30 Mar 2017	2	613
1490850000	1490936400	Friday 31 Mar 2017	2	123
1490936400	1491022800	Saturday 01 Apr 2017	2	248
1491022800	1491109200	Sunday 02 Apr 2017	2	375
1491109200	1491195600	Monday 03 Apr 2017	2	132
1491195600	1491282000	Tuesday 04 Apr 2017	2	629
1491282000	1491368400	Wednesday 05 Apr 2017	2	757
1491368400	1491454800	Thursday 06 Apr 2017	2	514
1491454800	1491541200	Friday 07 Apr 2017	2	26
1491541200	1491627600	Saturday 08 Apr 2017	2	276
1491627600	1491714000	Sunday 09 Apr 2017	2	403
1491714000	1491800400	Monday 10 Apr 2017	2	161
1491800400	1491886800	Tuesday 11 Apr 2017	2	658
1491886800	1491973200	Wednesday 12 Apr 2017	2	786
1491973200	1492059600	Thursday 13 Apr 2017	2	543
1492059600	1492146000	Friday 14 Apr 2017	2	55
1492146000	1492232400	Saturday 15 Apr 2017	2	305
1492232400	1492318800	Sunday 16 Apr 2017	2	432
1492318800	1492405200	Monday 17 Apr 2017	2	190
1492405200	1492491600	Tuesday 18 Apr 2017	2	687
1492491600	1492578000	Wednesday 19 Apr 2017	2	815
1492578000	1492664400	Thursday 20 Apr 2017	2	572
1492664400	1492750800	Friday 21 Apr 2017	2	83
1492750800	1492837200	Saturday 22 Apr 2017	2	333
1492837200	1492923600	Sunday 23 Apr 2017	2	460
1492923600	1493010000	Monday 24 Apr 2017	2	218
1493010000	1493096400	Tuesday 25 Apr 2017	2	715
1493096400	1493182800	Wednesday 26 Apr 2017	2	843
1493182800	1493269200	Thursday 27 Apr 2017	2	600
1493269200	1493355600	Friday 28 Apr 2017	2	111
1493355600	1493442000	Saturday 29 Apr 2017	2	361
1493442000	1493528400	Sunday 30 Apr 2017	2	488
1493528400	1493614800	Monday 01 May 2017	2	127
1493614800	1493701200	Tuesday 02 May 2017	2	624
1493701200	1493787600	Wednesday 03 May 2017	2	752
1493787600	1493874000	Thursday 04 May 2017	2	509
1493874000	1493960400	Friday 05 May 2017	2	21
1493960400	1494046800	Saturday 06 May 2017	2	271
1494046800	1494133200	Sunday 07 May 2017	2	398
1494133200	1494219600	Monday 08 May 2017	2	156
1494219600	1494306000	Tuesday 09 May 2017	2	653
1494306000	1494392400	Wednesday 10 May 2017	2	781
1494392400	1494478800	Thursday 11 May 2017	2	538
1494478800	1494565200	Friday 12 May 2017	2	50
1494565200	1494651600	Saturday 13 May 2017	2	300
1494651600	1494738000	Sunday 14 May 2017	2	427
1494738000	1494824400	Monday 15 May 2017	2	185
1494824400	1494910800	Tuesday 16 May 2017	2	682
1494910800	1494997200	Wednesday 17 May 2017	2	810
1494997200	1495083600	Thursday 18 May 2017	2	567
1495083600	1495170000	Friday 19 May 2017	2	79
1495170000	1495256400	Saturday 20 May 2017	2	329
1495256400	1495342800	Sunday 21 May 2017	2	456
1495342800	1495429200	Monday 22 May 2017	2	214
1495429200	1495515600	Tuesday 23 May 2017	2	711
1495515600	1495602000	Wednesday 24 May 2017	2	839
1495602000	1495688400	Thursday 25 May 2017	2	596
1495688400	1495774800	Friday 26 May 2017	2	107
1495774800	1495861200	Saturday 27 May 2017	2	357
1495861200	1495947600	Sunday 28 May 2017	2	484
1495947600	1496034000	Monday 29 May 2017	2	242
1496034000	1496120400	Tuesday 30 May 2017	2	738
1496120400	1496206800	Wednesday 31 May 2017	2	865
1496206800	1496293200	Thursday 01 Jun 2017	2	496
1496293200	1496379600	Friday 02 Jun 2017	2	8
1496379600	1496466000	Saturday 03 Jun 2017	2	258
1496466000	1496552400	Sunday 04 Jun 2017	2	385
1496552400	1496638800	Monday 05 Jun 2017	2	142
1496638800	1496725200	Tuesday 06 Jun 2017	2	639
1496725200	1496811600	Wednesday 07 Jun 2017	2	767
1496811600	1496898000	Thursday 08 Jun 2017	2	524
1496898000	1496984400	Friday 09 Jun 2017	2	36
1496984400	1497070800	Saturday 10 Jun 2017	2	286
1497070800	1497157200	Sunday 11 Jun 2017	2	413
1497157200	1497243600	Monday 12 Jun 2017	2	171
1497243600	1497330000	Tuesday 13 Jun 2017	2	668
1497330000	1497416400	Wednesday 14 Jun 2017	2	796
1497416400	1497502800	Thursday 15 Jun 2017	2	553
1497502800	1497589200	Friday 16 Jun 2017	2	65
1497589200	1497675600	Saturday 17 Jun 2017	2	315
1497675600	1497762000	Sunday 18 Jun 2017	2	442
1497762000	1497848400	Monday 19 Jun 2017	2	200
1497848400	1497934800	Tuesday 20 Jun 2017	2	697
1497934800	1498021200	Wednesday 21 Jun 2017	2	825
1498021200	1498107600	Thursday 22 Jun 2017	2	582
1498107600	1498194000	Friday 23 Jun 2017	2	93
1498194000	1498280400	Saturday 24 Jun 2017	2	343
1498280400	1498366800	Sunday 25 Jun 2017	2	470
1498366800	1498453200	Monday 26 Jun 2017	2	228
1498453200	1498539600	Tuesday 27 Jun 2017	2	725
1498539600	1498626000	Wednesday 28 Jun 2017	2	853
1498626000	1498712400	Thursday 29 Jun 2017	2	609
1498712400	1498798800	Friday 30 Jun 2017	2	120
1498798800	1498885200	Saturday 01 Jul 2017	2	249
1498885200	1498971600	Sunday 02 Jul 2017	2	376
1498971600	1499058000	Monday 03 Jul 2017	2	133
1499058000	1499144400	Tuesday 04 Jul 2017	2	630
1499144400	1499230800	Wednesday 05 Jul 2017	2	758
1499230800	1499317200	Thursday 06 Jul 2017	2	515
1499317200	1499403600	Friday 07 Jul 2017	2	27
1499403600	1499490000	Saturday 08 Jul 2017	2	277
1499490000	1499576400	Sunday 09 Jul 2017	2	404
1499576400	1499662800	Monday 10 Jul 2017	2	162
1499662800	1499749200	Tuesday 11 Jul 2017	2	659
1499749200	1499835600	Wednesday 12 Jul 2017	2	787
1499835600	1499922000	Thursday 13 Jul 2017	2	544
1499922000	1500008400	Friday 14 Jul 2017	2	56
1500008400	1500094800	Saturday 15 Jul 2017	2	306
1500094800	1500181200	Sunday 16 Jul 2017	2	433
1500181200	1500267600	Monday 17 Jul 2017	2	191
1500267600	1500354000	Tuesday 18 Jul 2017	2	688
1500354000	1500440400	Wednesday 19 Jul 2017	2	816
1500440400	1500526800	Thursday 20 Jul 2017	2	573
1500526800	1500613200	Friday 21 Jul 2017	2	84
1500613200	1500699600	Saturday 22 Jul 2017	2	334
1500699600	1500786000	Sunday 23 Jul 2017	2	461
1500786000	1500872400	Monday 24 Jul 2017	2	219
1500872400	1500958800	Tuesday 25 Jul 2017	2	716
1500958800	1501045200	Wednesday 26 Jul 2017	2	844
1501045200	1501131600	Thursday 27 Jul 2017	2	601
1501131600	1501218000	Friday 28 Jul 2017	2	112
1501218000	1501304400	Saturday 29 Jul 2017	2	362
1501304400	1501390800	Sunday 30 Jul 2017	2	489
1501390800	1501477200	Monday 31 Jul 2017	2	246
1501477200	1501563600	Tuesday 01 Aug 2017	2	618
1501563600	1501650000	Wednesday 02 Aug 2017	2	746
1501650000	1501736400	Thursday 03 Aug 2017	2	503
1501736400	1501822800	Friday 04 Aug 2017	2	15
1501822800	1501909200	Saturday 05 Aug 2017	2	265
1501909200	1501995600	Sunday 06 Aug 2017	2	392
1501995600	1502082000	Monday 07 Aug 2017	2	149
1502082000	1502168400	Tuesday 08 Aug 2017	2	646
1502168400	1502254800	Wednesday 09 Aug 2017	2	774
1502254800	1502341200	Thursday 10 Aug 2017	2	531
1502341200	1502427600	Friday 11 Aug 2017	2	43
1502427600	1502514000	Saturday 12 Aug 2017	2	293
1502514000	1502600400	Sunday 13 Aug 2017	2	420
1502600400	1502686800	Monday 14 Aug 2017	2	178
1502686800	1502773200	Tuesday 15 Aug 2017	2	675
1502773200	1502859600	Wednesday 16 Aug 2017	2	803
1502859600	1502946000	Thursday 17 Aug 2017	2	560
1502946000	1503032400	Friday 18 Aug 2017	2	72
1503032400	1503118800	Saturday 19 Aug 2017	2	322
1503118800	1503205200	Sunday 20 Aug 2017	2	449
1503205200	1503291600	Monday 21 Aug 2017	2	207
1503291600	1503378000	Tuesday 22 Aug 2017	2	704
1503378000	1503464400	Wednesday 23 Aug 2017	2	832
1503464400	1503550800	Thursday 24 Aug 2017	2	589
1503550800	1503637200	Friday 25 Aug 2017	2	100
1503637200	1503723600	Saturday 26 Aug 2017	2	350
1503723600	1503810000	Sunday 27 Aug 2017	2	477
1503810000	1503896400	Monday 28 Aug 2017	2	235
1503896400	1503982800	Tuesday 29 Aug 2017	2	732
1503982800	1504069200	Wednesday 30 Aug 2017	2	859
1504069200	1504155600	Thursday 31 Aug 2017	2	615
1504155600	1504242000	Friday 01 Sep 2017	2	5
1504242000	1504328400	Saturday 02 Sep 2017	2	255
1504328400	1504414800	Sunday 03 Sep 2017	2	382
1504414800	1504501200	Monday 04 Sep 2017	2	139
1504501200	1504587600	Tuesday 05 Sep 2017	2	636
1504587600	1504674000	Wednesday 06 Sep 2017	2	764
1504674000	1504760400	Thursday 07 Sep 2017	2	521
1504760400	1504846800	Friday 08 Sep 2017	2	33
1504846800	1504933200	Saturday 09 Sep 2017	2	283
1504933200	1505019600	Sunday 10 Sep 2017	2	410
1505019600	1505106000	Monday 11 Sep 2017	2	168
1505106000	1505192400	Tuesday 12 Sep 2017	2	665
1505192400	1505278800	Wednesday 13 Sep 2017	2	793
1505278800	1505365200	Thursday 14 Sep 2017	2	550
1505365200	1505451600	Friday 15 Sep 2017	2	62
1505451600	1505538000	Saturday 16 Sep 2017	2	312
1505538000	1505624400	Sunday 17 Sep 2017	2	439
1505624400	1505710800	Monday 18 Sep 2017	2	197
1505710800	1505797200	Tuesday 19 Sep 2017	2	694
1505797200	1505883600	Wednesday 20 Sep 2017	2	822
1505883600	1505970000	Thursday 21 Sep 2017	2	579
1505970000	1506056400	Friday 22 Sep 2017	2	90
1506056400	1506142800	Saturday 23 Sep 2017	2	340
1506142800	1506229200	Sunday 24 Sep 2017	2	467
1506229200	1506315600	Monday 25 Sep 2017	2	225
1506315600	1506402000	Tuesday 26 Sep 2017	2	722
1506402000	1506488400	Wednesday 27 Sep 2017	2	850
1506488400	1506574800	Thursday 28 Sep 2017	2	607
1506574800	1506661200	Friday 29 Sep 2017	2	118
1506661200	1506747600	Saturday 30 Sep 2017	2	368
1506747600	1506834000	Sunday 01 Oct 2017	2	374
1506834000	1506920400	Monday 02 Oct 2017	2	131
1506920400	1507006800	Tuesday 03 Oct 2017	2	628
1507006800	1507093200	Wednesday 04 Oct 2017	2	756
1507093200	1507179600	Thursday 05 Oct 2017	2	513
1507179600	1507266000	Friday 06 Oct 2017	2	25
1507266000	1507352400	Saturday 07 Oct 2017	2	275
1507352400	1507438800	Sunday 08 Oct 2017	2	402
1507438800	1507525200	Monday 09 Oct 2017	2	160
1507525200	1507611600	Tuesday 10 Oct 2017	2	657
1507611600	1507698000	Wednesday 11 Oct 2017	2	785
1507698000	1507784400	Thursday 12 Oct 2017	2	542
1507784400	1507870800	Friday 13 Oct 2017	2	54
1507870800	1507957200	Saturday 14 Oct 2017	2	304
1507957200	1508043600	Sunday 15 Oct 2017	2	431
1508043600	1508130000	Monday 16 Oct 2017	2	189
1508130000	1508216400	Tuesday 17 Oct 2017	2	686
1508216400	1508302800	Wednesday 18 Oct 2017	2	814
1508302800	1508389200	Thursday 19 Oct 2017	2	571
1508389200	1508475600	Friday 20 Oct 2017	2	82
1508475600	1508562000	Saturday 21 Oct 2017	2	332
1508562000	1508648400	Sunday 22 Oct 2017	2	459
1508648400	1508734800	Monday 23 Oct 2017	2	217
1508734800	1508821200	Tuesday 24 Oct 2017	2	714
1508821200	1508907600	Wednesday 25 Oct 2017	2	842
1508907600	1508994000	Thursday 26 Oct 2017	2	599
1508994000	1509080400	Friday 27 Oct 2017	2	110
1509080400	1509166800	Saturday 28 Oct 2017	2	360
1509166800	1509253200	Sunday 29 Oct 2017	2	487
1509253200	1509339600	Monday 30 Oct 2017	2	245
1509339600	1509426000	Tuesday 31 Oct 2017	2	741
1509426000	1509512400	Wednesday 01 Nov 2017	2	745
1509512400	1509598800	Thursday 02 Nov 2017	2	502
1509598800	1509685200	Friday 03 Nov 2017	2	14
1509685200	1509771600	Saturday 04 Nov 2017	2	264
1509771600	1509858000	Sunday 05 Nov 2017	2	391
1509858000	1509944400	Monday 06 Nov 2017	2	148
1509944400	1510030800	Tuesday 07 Nov 2017	2	645
1510030800	1510117200	Wednesday 08 Nov 2017	2	773
1510117200	1510203600	Thursday 09 Nov 2017	2	530
1510203600	1510290000	Friday 10 Nov 2017	2	42
1510290000	1510376400	Saturday 11 Nov 2017	2	292
1510376400	1510462800	Sunday 12 Nov 2017	2	419
1510462800	1510549200	Monday 13 Nov 2017	2	177
1510549200	1510635600	Tuesday 14 Nov 2017	2	674
1510635600	1510722000	Wednesday 15 Nov 2017	2	802
1510722000	1510808400	Thursday 16 Nov 2017	2	559
1510808400	1510894800	Friday 17 Nov 2017	2	71
1510894800	1510981200	Saturday 18 Nov 2017	2	321
1510981200	1511067600	Sunday 19 Nov 2017	2	448
1511067600	1511154000	Monday 20 Nov 2017	2	206
1511154000	1511240400	Tuesday 21 Nov 2017	2	703
1511240400	1511326800	Wednesday 22 Nov 2017	2	831
1511326800	1511413200	Thursday 23 Nov 2017	2	588
1511413200	1511499600	Friday 24 Nov 2017	2	99
1511499600	1511586000	Saturday 25 Nov 2017	2	349
1511586000	1511672400	Sunday 26 Nov 2017	2	476
1511672400	1511758800	Monday 27 Nov 2017	2	234
1511758800	1511845200	Tuesday 28 Nov 2017	2	731
1511845200	1511931600	Wednesday 29 Nov 2017	2	858
1511931600	1512018000	Thursday 30 Nov 2017	2	614
1512018000	1512104400	Friday 01 Dec 2017	2	2
1512104400	1512190800	Saturday 02 Dec 2017	2	252
1512190800	1512277200	Sunday 03 Dec 2017	2	379
1512277200	1512363600	Monday 04 Dec 2017	2	136
1512363600	1512450000	Tuesday 05 Dec 2017	2	633
1512450000	1512536400	Wednesday 06 Dec 2017	2	761
1512536400	1512622800	Thursday 07 Dec 2017	2	518
1512622800	1512709200	Friday 08 Dec 2017	2	30
1512709200	1512795600	Saturday 09 Dec 2017	2	280
1512795600	1512882000	Sunday 10 Dec 2017	2	407
1512882000	1512968400	Monday 11 Dec 2017	2	165
1512968400	1513054800	Tuesday 12 Dec 2017	2	662
1513054800	1513141200	Wednesday 13 Dec 2017	2	790
1513141200	1513227600	Thursday 14 Dec 2017	2	547
1513227600	1513314000	Friday 15 Dec 2017	2	59
1513314000	1513400400	Saturday 16 Dec 2017	2	309
1513400400	1513486800	Sunday 17 Dec 2017	2	436
1513486800	1513573200	Monday 18 Dec 2017	2	194
1513573200	1513659600	Tuesday 19 Dec 2017	2	691
1513659600	1513746000	Wednesday 20 Dec 2017	2	819
1513746000	1513832400	Thursday 21 Dec 2017	2	576
1513832400	1513918800	Friday 22 Dec 2017	2	87
1513918800	1514005200	Saturday 23 Dec 2017	2	337
1514005200	1514091600	Sunday 24 Dec 2017	2	464
1514091600	1514178000	Monday 25 Dec 2017	2	222
1514178000	1514264400	Tuesday 26 Dec 2017	2	719
1514264400	1514350800	Wednesday 27 Dec 2017	2	847
1514350800	1514437200	Thursday 28 Dec 2017	2	604
1514437200	1514523600	Friday 29 Dec 2017	2	115
1514523600	1514610000	Saturday 30 Dec 2017	2	365
1514610000	1514696400	Sunday 31 Dec 2017	2	491
1514696400	1514782800	Monday 01 Jan 2018	2	126
1514782800	1514869200	Tuesday 02 Jan 2018	2	623
1514869200	1514955600	Wednesday 03 Jan 2018	2	751
1514955600	1515042000	Thursday 04 Jan 2018	2	508
1515042000	1515128400	Friday 05 Jan 2018	2	20
1515128400	1515214800	Saturday 06 Jan 2018	2	270
1515214800	1515301200	Sunday 07 Jan 2018	2	397
1515301200	1515387600	Monday 08 Jan 2018	2	155
1515387600	1515474000	Tuesday 09 Jan 2018	2	652
1515474000	1515560400	Wednesday 10 Jan 2018	2	780
1515560400	1515646800	Thursday 11 Jan 2018	2	537
1515646800	1515733200	Friday 12 Jan 2018	2	49
1515733200	1515819600	Saturday 13 Jan 2018	2	299
1515819600	1515906000	Sunday 14 Jan 2018	2	426
1515906000	1515992400	Monday 15 Jan 2018	2	184
1515992400	1516078800	Tuesday 16 Jan 2018	2	681
1516078800	1516165200	Wednesday 17 Jan 2018	2	809
1516165200	1516251600	Thursday 18 Jan 2018	2	566
1516251600	1516338000	Friday 19 Jan 2018	2	78
1516338000	1516424400	Saturday 20 Jan 2018	2	328
1516424400	1516510800	Sunday 21 Jan 2018	2	455
1516510800	1516597200	Monday 22 Jan 2018	2	213
1516597200	1516683600	Tuesday 23 Jan 2018	2	710
1516683600	1516770000	Wednesday 24 Jan 2018	2	838
1516770000	1516856400	Thursday 25 Jan 2018	2	595
1516856400	1516942800	Friday 26 Jan 2018	2	106
1516942800	1517029200	Saturday 27 Jan 2018	2	356
1517029200	1517115600	Sunday 28 Jan 2018	2	483
1517115600	1517202000	Monday 29 Jan 2018	2	241
1517202000	1517288400	Tuesday 30 Jan 2018	2	737
1517288400	1517374800	Wednesday 31 Jan 2018	2	864
1517374800	1517461200	Thursday 01 Feb 2018	2	495
1517461200	1517547600	Friday 02 Feb 2018	2	7
1517547600	1517634000	Saturday 03 Feb 2018	2	257
1517634000	1517720400	Sunday 04 Feb 2018	2	384
1517720400	1517806800	Monday 05 Feb 2018	2	141
1517806800	1517893200	Tuesday 06 Feb 2018	2	638
1517893200	1517979600	Wednesday 07 Feb 2018	2	766
1517979600	1518066000	Thursday 08 Feb 2018	2	523
1518066000	1518152400	Friday 09 Feb 2018	2	35
1518152400	1518238800	Saturday 10 Feb 2018	2	285
1518238800	1518325200	Sunday 11 Feb 2018	2	412
1518325200	1518411600	Monday 12 Feb 2018	2	170
1518411600	1518498000	Tuesday 13 Feb 2018	2	667
1518498000	1518584400	Wednesday 14 Feb 2018	2	795
1518584400	1518670800	Thursday 15 Feb 2018	2	552
1518670800	1518757200	Friday 16 Feb 2018	2	64
1518757200	1518843600	Saturday 17 Feb 2018	2	314
1518843600	1518930000	Sunday 18 Feb 2018	2	441
1518930000	1519016400	Monday 19 Feb 2018	2	199
1519016400	1519102800	Tuesday 20 Feb 2018	2	696
1519102800	1519189200	Wednesday 21 Feb 2018	2	824
1519189200	1519275600	Thursday 22 Feb 2018	2	581
1519275600	1519362000	Friday 23 Feb 2018	2	92
1519362000	1519448400	Saturday 24 Feb 2018	2	342
1519448400	1519534800	Sunday 25 Feb 2018	2	469
1519534800	1519621200	Monday 26 Feb 2018	2	227
1519621200	1519707600	Tuesday 27 Feb 2018	2	724
1519707600	1519794000	Wednesday 28 Feb 2018	2	852
1519794000	1519880400	Thursday 01 Mar 2018	2	497
1519880400	1519966800	Friday 02 Mar 2018	2	9
1519966800	1520053200	Saturday 03 Mar 2018	2	259
1520053200	1520139600	Sunday 04 Mar 2018	2	386
1520139600	1520226000	Monday 05 Mar 2018	2	143
1520226000	1520312400	Tuesday 06 Mar 2018	2	640
1520312400	1520398800	Wednesday 07 Mar 2018	2	768
1520398800	1520485200	Thursday 08 Mar 2018	2	525
1520485200	1520571600	Friday 09 Mar 2018	2	37
1520571600	1520658000	Saturday 10 Mar 2018	2	287
1520658000	1520744400	Sunday 11 Mar 2018	2	414
1520744400	1520830800	Monday 12 Mar 2018	2	172
1520830800	1520917200	Tuesday 13 Mar 2018	2	669
1520917200	1521003600	Wednesday 14 Mar 2018	2	797
1521003600	1521090000	Thursday 15 Mar 2018	2	554
1521090000	1521176400	Friday 16 Mar 2018	2	66
1521176400	1521262800	Saturday 17 Mar 2018	2	316
1521262800	1521349200	Sunday 18 Mar 2018	2	443
1521349200	1521435600	Monday 19 Mar 2018	2	201
1521435600	1521522000	Tuesday 20 Mar 2018	2	698
1521522000	1521608400	Wednesday 21 Mar 2018	2	826
1521608400	1521694800	Thursday 22 Mar 2018	2	583
1521694800	1521781200	Friday 23 Mar 2018	2	94
1521781200	1521867600	Saturday 24 Mar 2018	2	344
1521867600	1521954000	Sunday 25 Mar 2018	2	471
1521954000	1522040400	Monday 26 Mar 2018	2	229
1522040400	1522126800	Tuesday 27 Mar 2018	2	726
1522126800	1522213200	Wednesday 28 Mar 2018	2	854
1522213200	1522299600	Thursday 29 Mar 2018	2	610
1522299600	1522386000	Friday 30 Mar 2018	2	121
1522386000	1522472400	Saturday 31 Mar 2018	2	370
1522472400	1522558800	Sunday 01 Apr 2018	2	371
1522558800	1522645200	Monday 02 Apr 2018	2	128
1522645200	1522731600	Tuesday 03 Apr 2018	2	625
1522731600	1522818000	Wednesday 04 Apr 2018	2	753
1522818000	1522904400	Thursday 05 Apr 2018	2	510
1522904400	1522990800	Friday 06 Apr 2018	2	22
1522990800	1523077200	Saturday 07 Apr 2018	2	272
1523077200	1523163600	Sunday 08 Apr 2018	2	399
1523163600	1523250000	Monday 09 Apr 2018	2	157
1523250000	1523336400	Tuesday 10 Apr 2018	2	654
1523336400	1523422800	Wednesday 11 Apr 2018	2	782
1523422800	1523509200	Thursday 12 Apr 2018	2	539
1523509200	1523595600	Friday 13 Apr 2018	2	51
1523595600	1523682000	Saturday 14 Apr 2018	2	301
1523682000	1523768400	Sunday 15 Apr 2018	2	428
1523768400	1523854800	Monday 16 Apr 2018	2	186
1523854800	1523941200	Tuesday 17 Apr 2018	2	683
1523941200	1524027600	Wednesday 18 Apr 2018	2	811
1524027600	1524114000	Thursday 19 Apr 2018	2	568
