fill	x	ymin	ymax	showSelectedlegendfill	PANEL	group	colour
#8DD3C7	1449421200	-1	0.999999999999998	Wunderground	2	1	#8DD3C7
#8DD3C7	1449507600	0	0.999999999999998	Wunderground	2	1	#8DD3C7
#8DD3C7	1449594000	0	0.999999999999998	Wunderground	2	1	#8DD3C7
#8DD3C7	1449680400	5	6	Wunderground	2	1	#8DD3C7
#8DD3C7	1449766800	7	8	Wunderground	2	1	#8DD3C7
#8DD3C7	1449853200	4	5.75	Wunderground	2	1	#8DD3C7
#8DD3C7	1449939600	0	0.999999999999998	Wunderground	2	1	#8DD3C7
#8DD3C7	1450026000	0.999999999999998	1.83333333333333	Wunderground	2	1	#8DD3C7
#8DD3C7	1450112400	2	3	Wunderground	2	1	#8DD3C7
#8DD3C7	1450198800	0	0.416666666666667	Wunderground	2	1	#8DD3C7
#8DD3C7	1450285200	-1	2	Wunderground	2	1	#8DD3C7
#8DD3C7	1450371600	0.999999999999998	2.11111111111111	Wunderground	2	1	#8DD3C7
#8DD3C7	1450458000	-4	-1	Wunderground	2	1	#8DD3C7
#8DD3C7	1450544400	-6	-5	Wunderground	2	1	#8DD3C7
#8DD3C7	1450630800	-1	0.25	Wunderground	2	1	#8DD3C7
#8DD3C7	1450717200	0.999999999999998	0.999999999999998	Wunderground	2	1	#8DD3C7
#8DD3C7	1450803600	1.66666666666667	3	Wunderground	2	1	#8DD3C7
#8DD3C7	1450890000	7	10.6666666666667	Wunderground	2	1	#8DD3C7
#8DD3C7	1450976400	2	4.33333333333333	Wunderground	2	1	#8DD3C7
#8DD3C7	1451062800	-2	0.138888888888889	Wunderground	2	1	#8DD3C7
#8DD3C7	1451149200	-3	-1	Wunderground	2	1	#8DD3C7
#8DD3C7	1451235600	-11	-10	Wunderground	2	1	#8DD3C7
#8DD3C7	1451322000	-12	-11	Wunderground	2	1	#8DD3C7
#8DD3C7	1451408400	-9	-9	Wunderground	2	1	#8DD3C7
#8DD3C7	1451494800	-5	-4	Wunderground	2	1	#8DD3C7
#8DD3C7	1451581200	-4	-2	Wunderground	2	1	#8DD3C7
#8DD3C7	1451667600	-4	-3	Wunderground	2	1	#8DD3C7
#8DD3C7	1451754000	-12	-1	Wunderground	2	1	#8DD3C7
#8DD3C7	1451840400	-19	-17.25	Wunderground	2	1	#8DD3C7
#8DD3C7	1451926800	-21	-19	Wunderground	2	1	#8DD3C7
#8DD3C7	1452013200	-10	-8	Wunderground	2	1	#8DD3C7
#8DD3C7	1452099600	-8	-6	Wunderground	2	1	#8DD3C7
#8DD3C7	1452186000	-7.22222222222222	-6.25	Wunderground	2	1	#8DD3C7
#8DD3C7	1452272400	0.999999999999998	3	Wunderground	2	1	#8DD3C7
#8DD3C7	1452358800	0	3	Wunderground	2	1	#8DD3C7
#8DD3C7	1452445200	-11	-9.44444444444444	Wunderground	2	1	#8DD3C7
#8DD3C7	1452531600	-11.1111111111111	-7	Wunderground	2	1	#8DD3C7
#8DD3C7	1452618000	-11	-10.5555555555556	Wunderground	2	1	#8DD3C7
#8DD3C7	1452704400	-14	-12.0555555555556	Wunderground	2	1	#8DD3C7
#8DD3C7	1452790800	-14	-13	Wunderground	2	1	#8DD3C7
#8DD3C7	1452877200	-9	-5	Wunderground	2	1	#8DD3C7
#8DD3C7	1452963600	-11	-8	Wunderground	2	1	#8DD3C7
#8DD3C7	1453050000	-14	-11.25	Wunderground	2	1	#8DD3C7
#8DD3C7	1453136400	-16.1111111111111	-16	Wunderground	2	1	#8DD3C7
#8DD3C7	1453222800	-12	-10	Wunderground	2	1	#8DD3C7
#8DD3C7	1453309200	-15	-12.5	Wunderground	2	1	#8DD3C7
#8DD3C7	1453395600	-10	-8	Wunderground	2	1	#8DD3C7
#8DD3C7	1453482000	-13.3333333333333	-12	Wunderground	2	1	#8DD3C7
#8DD3C7	1453568400	-17	-14	Wunderground	2	1	#8DD3C7
#8DD3C7	1453654800	-7	-6	Wunderground	2	1	#8DD3C7
#8DD3C7	1453741200	-2	-1	Wunderground	2	1	#8DD3C7
#8DD3C7	1453827600	-7	-6	Wunderground	2	1	#8DD3C7
#8DD3C7	1453914000	-7	-5	Wunderground	2	1	#8DD3C7
#8DD3C7	1454000400	-7	-1	Wunderground	2	1	#8DD3C7
#8DD3C7	1454086800	-9	-8.44444444444445	Wunderground	2	1	#8DD3C7
#8DD3C7	1454173200	-6	-3	Wunderground	2	1	#8DD3C7
#8DD3C7	1454259600	0.999999999999998	3	Wunderground	2	1	#8DD3C7
#8DD3C7	1454346000	-6.11111111111111	-4	Wunderground	2	1	#8DD3C7
#8DD3C7	1454432400	-5	-4	Wunderground	2	1	#8DD3C7
#8DD3C7	1454518800	0	2	Wunderground	2	1	#8DD3C7
#8DD3C7	1454605200	-6	-5	Wunderground	2	1	#8DD3C7
#8DD3C7	1454691600	-5	-3	Wunderground	2	1	#8DD3C7
#8DD3C7	1454778000	-9	-8	Wunderground	2	1	#8DD3C7
#8DD3C7	1454864400	-9	-8	Wunderground	2	1	#8DD3C7
#8DD3C7	1454950800	-8.33333333333333	-7	Wunderground	2	1	#8DD3C7
#8DD3C7	1455037200	-7.22222222222222	-7	Wunderground	2	1	#8DD3C7
#8DD3C7	1455123600	-17.2222222222222	-16	Wunderground	2	1	#8DD3C7
#8DD3C7	1455210000	-19.4444444444444	-15	Wunderground	2	1	#8DD3C7
#8DD3C7	1455296400	-26	-25	Wunderground	2	1	#8DD3C7
#8DD3C7	1455382800	-27.7777777777778	-26.75	Wunderground	2	1	#8DD3C7
#8DD3C7	1455469200	-23	-20	Wunderground	2	1	#8DD3C7
#8DD3C7	1455555600	-8	-7	Wunderground	2	1	#8DD3C7
#8DD3C7	1455642000	-9	-5	Wunderground	2	1	#8DD3C7
#8DD3C7	1455728400	-15	-12	Wunderground	2	1	#8DD3C7
#8DD3C7	1455814800	-15	-12.8888888888889	Wunderground	2	1	#8DD3C7
#8DD3C7	1455901200	0	0.777777777777777	Wunderground	2	1	#8DD3C7
#8DD3C7	1455987600	-8	0.999999999999998	Wunderground	2	1	#8DD3C7
#8DD3C7	1456074000	-14	-12	Wunderground	2	1	#8DD3C7
#8DD3C7	1456160400	-14	-12	Wunderground	2	1	#8DD3C7
#8DD3C7	1456246800	-6	-4	Wunderground	2	1	#8DD3C7
#8DD3C7	1456333200	-3	0	Wunderground	2	1	#8DD3C7
#8DD3C7	1456419600	-12.2222222222222	-11	Wunderground	2	1	#8DD3C7
#8DD3C7	1456506000	-11.1111111111111	-10	Wunderground	2	1	#8DD3C7
#8DD3C7	1456592400	-9	-8	Wunderground	2	1	#8DD3C7
#8DD3C7	1456678800	-8	-4	Wunderground	2	1	#8DD3C7
#8DD3C7	1456765200	-15	-12	Wunderground	2	1	#8DD3C7
#8DD3C7	1456851600	-13	-10	Wunderground	2	1	#8DD3C7
#8DD3C7	1456938000	-19	-16.25	Wunderground	2	1	#8DD3C7
#8DD3C7	1457024400	-17.2222222222222	-14	Wunderground	2	1	#8DD3C7
#8DD3C7	1457110800	-15	-13	Wunderground	2	1	#8DD3C7
#8DD3C7	1457197200	-7.22222222222222	-5.25	Wunderground	2	1	#8DD3C7
#8DD3C7	1457283600	-1	0	Wunderground	2	1	#8DD3C7
#8DD3C7	1457370000	0.999999999999998	2	Wunderground	2	1	#8DD3C7
#8DD3C7	1457456400	0	1.91666666666667	Wunderground	2	1	#8DD3C7
#8DD3C7	1457542800	2	3	Wunderground	2	1	#8DD3C7
#8DD3C7	1457629200	0	0.999999999999998	Wunderground	2	1	#8DD3C7
#8DD3C7	1457715600	-2	-0.666666666666667	Wunderground	2	1	#8DD3C7
#8DD3C7	1457802000	2	3.75	Wunderground	2	1	#8DD3C7
#8DD3C7	1457888400	-2	0	Wunderground	2	1	#8DD3C7
#8DD3C7	1457974800	2.77777777777778	3	Wunderground	2	1	#8DD3C7
#8DD3C7	1458061200	3	4	Wunderground	2	1	#8DD3C7
#8DD3C7	1458147600	0.999999999999998	3	Wunderground	2	1	#8DD3C7
#8DD3C7	1458234000	-4	-1.05555555555556	Wunderground	2	1	#8DD3C7
#8DD3C7	1458320400	-8	-6.75	Wunderground	2	1	#8DD3C7
#8DD3C7	1458406800	-8	-6.33333333333333	Wunderground	2	1	#8DD3C7
#8DD3C7	1458493200	-7	-5	Wunderground	2	1	#8DD3C7
#8DD3C7	1458579600	-6	-4	Wunderground	2	1	#8DD3C7
#8DD3C7	1458666000	-3	0	Wunderground	2	1	#8DD3C7
#8DD3C7	1458752400	-6	-5	Wunderground	2	1	#8DD3C7
#8DD3C7	1458838800	-2	-1	Wunderground	2	1	#8DD3C7
#8DD3C7	1458925200	-4	-2	Wunderground	2	1	#8DD3C7
#8DD3C7	1459011600	-4	-2.36111111111111	Wunderground	2	1	#8DD3C7
#8DD3C7	1459098000	2	4	Wunderground	2	1	#8DD3C7
#8DD3C7	1459184400	0	2	Wunderground	2	1	#8DD3C7
#8DD3C7	1459270800	-2	-0.25	Wunderground	2	1	#8DD3C7
#8DD3C7	1459357200	5.55555555555556	7	Wunderground	2	1	#8DD3C7
#8DD3C7	1459443600	5	11	Wunderground	2	1	#8DD3C7
#8DD3C7	1459530000	0	2.77777777777778	Wunderground	2	1	#8DD3C7
#8DD3C7	1459616400	-8.33333333333333	-7	Wunderground	2	1	#8DD3C7
#8DD3C7	1459702800	-10	-9	Wunderground	2	1	#8DD3C7
#8DD3C7	1459789200	-9	-6.91666666666667	Wunderground	2	1	#8DD3C7
#8DD3C7	1459875600	-5.55555555555556	-2	Wunderground	2	1	#8DD3C7
#8DD3C7	1459962000	0	0.999999999999998	Wunderground	2	1	#8DD3C7
#8DD3C7	1460048400	-3	0.138888888888889	Wunderground	2	1	#8DD3C7
#8DD3C7	1460134800	-6	-4	Wunderground	2	1	#8DD3C7
#8DD3C7	1460221200	-7	-5.13888888888889	Wunderground	2	1	#8DD3C7
#8DD3C7	1460307600	-1	0	Wunderground	2	1	#8DD3C7
#8DD3C7	1460394000	2	4	Wunderground	2	1	#8DD3C7
#8DD3C7	1460480400	-2	0	Wunderground	2	1	#8DD3C7
#8DD3C7	1460566800	-2	0.749999999999999	Wunderground	2	1	#8DD3C7
#8DD3C7	1460653200	0	2	Wunderground	2	1	#8DD3C7
#8DD3C7	1460739600	2	3.88888888888889	Wunderground	2	1	#8DD3C7
#8DD3C7	1460826000	3	7	Wunderground	2	1	#8DD3C7
#8DD3C7	1460912400	5	6	Wunderground	2	1	#8DD3C7
#8DD3C7	1460998800	3	5	Wunderground	2	1	#8DD3C7
#8DD3C7	1461085200	0.999999999999998	4	Wunderground	2	1	#8DD3C7
#8DD3C7	1461171600	2	5	Wunderground	2	1	#8DD3C7
#8DD3C7	1461258000	9	12	Wunderground	2	1	#8DD3C7
#8DD3C7	1461344400	3.88888888888889	5	Wunderground	2	1	#8DD3C7
#8DD3C7	1461430800	0	1.91666666666667	Wunderground	2	1	#8DD3C7
#8DD3C7	1461517200	0	2.80555555555555	Wunderground	2	1	#8DD3C7
#8DD3C7	1461603600	0.555555555555556	2	Wunderground	2	1	#8DD3C7
#8DD3C7	1461690000	-1	0.999999999999998	Wunderground	2	1	#8DD3C7
#8DD3C7	1461776400	-1	0.555555555555556	Wunderground	2	1	#8DD3C7
#8DD3C7	1461862800	-1	2	Wunderground	2	1	#8DD3C7
#8DD3C7	1461949200	0.999999999999998	4	Wunderground	2	1	#8DD3C7
#8DD3C7	1462035600	6	7.22222222222222	Wunderground	2	1	#8DD3C7
#8DD3C7	1462122000	7	7	Wunderground	2	1	#8DD3C7
#8DD3C7	1462208400	2	5.61111111111111	Wunderground	2	1	#8DD3C7
#8DD3C7	1462294800	4	6.5	Wunderground	2	1	#8DD3C7
#8DD3C7	1462381200	6	8.91666666666667	Wunderground	2	1	#8DD3C7
#8DD3C7	1462467600	7	9.75	Wunderground	2	1	#8DD3C7
#8DD3C7	1462554000	13	15	Wunderground	2	1	#8DD3C7
#8DD3C7	1462640400	3	7	Wunderground	2	1	#8DD3C7
#8DD3C7	1462726800	2	2.22222222222222	Wunderground	2	1	#8DD3C7
#8DD3C7	1462813200	6	8	Wunderground	2	1	#8DD3C7
#8DD3C7	1462899600	6	10.75	Wunderground	2	1	#8DD3C7
#8DD3C7	1462986000	9	12.1666666666667	Wunderground	2	1	#8DD3C7
#8DD3C7	1463072400	15	17	Wunderground	2	1	#8DD3C7
#8DD3C7	1463158800	10	13.0833333333333	Wunderground	2	1	#8DD3C7
#8DD3C7	1463245200	2	6.33333333333333	Wunderground	2	1	#8DD3C7
#8DD3C7	1463331600	2	3	Wunderground	2	1	#8DD3C7
#8DD3C7	1463418000	3.88888888888889	6	Wunderground	2	1	#8DD3C7
#8DD3C7	1463504400	6	8.25	Wunderground	2	1	#8DD3C7
#8DD3C7	1463590800	9	11	Wunderground	2	1	#8DD3C7
#8DD3C7	1463677200	9	11	Wunderground	2	1	#8DD3C7
#8DD3C7	1463763600	12	14	Wunderground	2	1	#8DD3C7
#8DD3C7	1463850000	12	15	Wunderground	2	1	#8DD3C7
#8DD3C7	1463936400	12	16	Wunderground	2	1	#8DD3C7
#8DD3C7	1464022800	13	16	Wunderground	2	1	#8DD3C7
#8DD3C7	1464109200	15	18.2222222222222	Wunderground	2	1	#8DD3C7
#8DD3C7	1464195600	12	15.25	Wunderground	2	1	#8DD3C7
#8DD3C7	1464282000	14	18.2222222222222	Wunderground	2	1	#8DD3C7
#8DD3C7	1464368400	18	20	Wunderground	2	1	#8DD3C7
#8DD3C7	1464454800	16	17	Wunderground	2	1	#8DD3C7
#8DD3C7	1464541200	20	21	Wunderground	2	1	#8DD3C7
#8DD3C7	1464627600	17	18.9722222222222	Wunderground	2	1	#8DD3C7
#8DD3C7	1464714000	14	15	Wunderground	2	1	#8DD3C7
#8DD3C7	1464800400	17	19	Wunderground	2	1	#8DD3C7
#8DD3C7	1464886800	17	19	Wunderground	2	1	#8DD3C7
#8DD3C7	1464973200	14	17.5	Wunderground	2	1	#8DD3C7
#8DD3C7	1465059600	16	17.7777777777778	Wunderground	2	1	#8DD3C7
#8DD3C7	1465146000	17	17.8333333333333	Wunderground	2	1	#8DD3C7
#8DD3C7	1465232400	15	16.0833333333333	Wunderground	2	1	#8DD3C7
#8DD3C7	1465318800	9	11	Wunderground	2	1	#8DD3C7
#8DD3C7	1465405200	8	9	Wunderground	2	1	#8DD3C7
#8DD3C7	1465491600	8	10	Wunderground	2	1	#8DD3C7
#8DD3C7	1465578000	12	13	Wunderground	2	1	#8DD3C7
#8DD3C7	1465664400	11	11	Wunderground	2	1	#8DD3C7
#8DD3C7	1465750800	11	12	Wunderground	2	1	#8DD3C7
#8DD3C7	1465837200	11	12	Wunderground	2	1	#8DD3C7
#8DD3C7	1465923600	13	16.6666666666667	Wunderground	2	1	#8DD3C7
#8DD3C7	1466010000	13	16	Wunderground	2	1	#8DD3C7
#8DD3C7	1466096400	13	17	Wunderground	2	1	#8DD3C7
#8DD3C7	1466182800	15	17.8055555555556	Wunderground	2	1	#8DD3C7
#8DD3C7	1466269200	18.8888888888889	20.75	Wunderground	2	1	#8DD3C7
#8DD3C7	1466355600	21	23.3333333333333	Wunderground	2	1	#8DD3C7
#8DD3C7	1466442000	17.7777777777778	19	Wunderground	2	1	#8DD3C7
#8DD3C7	1466528400	14	17	Wunderground	2	1	#8DD3C7
#8DD3C7	1466614800	15.5555555555556	16	Wunderground	2	1	#8DD3C7
#8DD3C7	1466701200	12.7777777777778	16	Wunderground	2	1	#8DD3C7
#8DD3C7	1466787600	16	19	Wunderground	2	1	#8DD3C7
#8DD3C7	1466874000	18	20.8888888888889	Wunderground	2	1	#8DD3C7
#8DD3C7	1466960400	21	22	Wunderground	2	1	#8DD3C7
#8DD3C7	1467046800	19	21	Wunderground	2	1	#8DD3C7
#8DD3C7	1467133200	16.6666666666667	18	Wunderground	2	1	#8DD3C7
#8DD3C7	1467219600	15	16	Wunderground	2	1	#8DD3C7
#8DD3C7	1467306000	16	18.6666666666667	Wunderground	2	1	#8DD3C7
#8DD3C7	1467392400	15	16.1666666666667	Wunderground	2	1	#8DD3C7
#8DD3C7	1467478800	12.7777777777778	15.25	Wunderground	2	1	#8DD3C7
#8DD3C7	1467565200	16	18	Wunderground	2	1	#8DD3C7
#8DD3C7	1467651600	17	19.75	Wunderground	2	1	#8DD3C7
#8DD3C7	1467738000	19	22	Wunderground	2	1	#8DD3C7
#8DD3C7	1467824400	17	18.4444444444444	Wunderground	2	1	#8DD3C7
#8DD3C7	1467910800	16.6666666666667	18	Wunderground	2	1	#8DD3C7
#8DD3C7	1467997200	16.6666666666667	17	Wunderground	2	1	#8DD3C7
#8DD3C7	1468083600	15	16	Wunderground	2	1	#8DD3C7
#8DD3C7	1468170000	12	13.3333333333333	Wunderground	2	1	#8DD3C7
#8DD3C7	1468256400	18	19.8194444444444	Wunderground	2	1	#8DD3C7
#8DD3C7	1468342800	20	22	Wunderground	2	1	#8DD3C7
#8DD3C7	1468429200	23	25	Wunderground	2	1	#8DD3C7
#8DD3C7	1468515600	20	20	Wunderground	2	1	#8DD3C7
#8DD3C7	1468602000	16	18.8888888888889	Wunderground	2	1	#8DD3C7
#8DD3C7	1468688400	19.4444444444444	21	Wunderground	2	1	#8DD3C7
#8DD3C7	1468774800	19	21.5	Wunderground	2	1	#8DD3C7
#8DD3C7	1468861200	15	18	Wunderground	2	1	#8DD3C7
#8DD3C7	1468947600	15	17	Wunderground	2	1	#8DD3C7
#8DD3C7	1469034000	17.7777777777778	19.8611111111111	Wunderground	2	1	#8DD3C7
#8DD3C7	1469120400	21	23.75	Wunderground	2	1	#8DD3C7
#8DD3C7	1469206800	19	20	Wunderground	2	1	#8DD3C7
#8DD3C7	1469293200	13.8888888888889	18	Wunderground	2	1	#8DD3C7
#8DD3C7	1469379600	18.8888888888889	21	Wunderground	2	1	#8DD3C7
#8DD3C7	1469466000	19	21.1666666666667	Wunderground	2	1	#8DD3C7
#8DD3C7	1469552400	18.8888888888889	21.1111111111111	Wunderground	2	1	#8DD3C7
#8DD3C7	1469638800	21	22.9444444444445	Wunderground	2	1	#8DD3C7
#8DD3C7	1469725200	17	20	Wunderground	2	1	#8DD3C7
#8DD3C7	1469811600	17.7777777777778	19.1666666666667	Wunderground	2	1	#8DD3C7
#8DD3C7	1469898000	16	19.5	Wunderground	2	1	#8DD3C7
#8DD3C7	1469984400	19	20	Wunderground	2	1	#8DD3C7
#8DD3C7	1470070800	18.8888888888889	20.25	Wunderground	2	1	#8DD3C7
#8DD3C7	1470157200	17	19.75	Wunderground	2	1	#8DD3C7
#8DD3C7	1470243600	22	24	Wunderground	2	1	#8DD3C7
#8DD3C7	1470330000	21	23.9722222222222	Wunderground	2	1	#8DD3C7
#8DD3C7	1470416400	22	22.8055555555556	Wunderground	2	1	#8DD3C7
#8DD3C7	1470502800	18	20	Wunderground	2	1	#8DD3C7
#8DD3C7	1470589200	16	17.9444444444445	Wunderground	2	1	#8DD3C7
#8DD3C7	1470675600	13	19.8611111111111	Wunderground	2	1	#8DD3C7
#8DD3C7	1470762000	20	22.5833333333333	Wunderground	2	1	#8DD3C7
#8DD3C7	1470848400	22	24.4444444444444	Wunderground	2	1	#8DD3C7
#8DD3C7	1470934800	18.8888888888889	19	Wunderground	2	1	#8DD3C7
#8DD3C7	1471021200	16.6666666666667	18	Wunderground	2	1	#8DD3C7
#8DD3C7	1471107600	17	18	Wunderground	2	1	#8DD3C7
#8DD3C7	1471194000	17	19.3333333333333	Wunderground	2	1	#8DD3C7
#8DD3C7	1471280400	18	19	Wunderground	2	1	#8DD3C7
#8DD3C7	1471366800	17	17.4166666666667	Wunderground	2	1	#8DD3C7
#8DD3C7	1471453200	19	21.5277777777778	Wunderground	2	1	#8DD3C7
#8DD3C7	1471539600	15	18.75	Wunderground	2	1	#8DD3C7
#8DD3C7	1471626000	19	20.8888888888889	Wunderground	2	1	#8DD3C7
#8DD3C7	1471712400	21	22	Wunderground	2	1	#8DD3C7
#8DD3C7	1471798800	14	16.3333333333333	Wunderground	2	1	#8DD3C7
#8DD3C7	1471885200	14	15.75	Wunderground	2	1	#8DD3C7
#8DD3C7	1471971600	18.8888888888889	20	Wunderground	2	1	#8DD3C7
#8DD3C7	1472058000	22	22.2222222222222	Wunderground	2	1	#8DD3C7
#8DD3C7	1472144400	22	23	Wunderground	2	1	#8DD3C7
#8DD3C7	1472230800	17	20	Wunderground	2	1	#8DD3C7
#8DD3C7	1472317200	20	20.1388888888889	Wunderground	2	1	#8DD3C7
#8DD3C7	1472403600	19	20	Wunderground	2	1	#8DD3C7
#8DD3C7	1472490000	16	17.1666666666667	Wunderground	2	1	#8DD3C7
#8DD3C7	1472576400	19	20	Wunderground	2	1	#8DD3C7
#8DD3C7	1472662800	13.8888888888889	17.1111111111111	Wunderground	2	1	#8DD3C7
#8DD3C7	1472749200	14	16	Wunderground	2	1	#8DD3C7
#8DD3C7	1472835600	11	13.75	Wunderground	2	1	#8DD3C7
#8DD3C7	1472922000	13	15.75	Wunderground	2	1	#8DD3C7
#8DD3C7	1473008400	13	15.8888888888889	Wunderground	2	1	#8DD3C7
#8DD3C7	1473094800	14	18	Wunderground	2	1	#8DD3C7
#8DD3C7	1473181200	16.6666666666667	19	Wunderground	2	1	#8DD3C7
#8DD3C7	1473267600	21	23	Wunderground	2	1	#8DD3C7
#8DD3C7	1473354000	21	22	Wunderground	2	1	#8DD3C7
#8DD3C7	1473440400	17	20	Wunderground	2	1	#8DD3C7
#8DD3C7	1473526800	13	17.8888888888889	Wunderground	2	1	#8DD3C7
#8DD3C7	1473613200	11	12	Wunderground	2	1	#8DD3C7
#8DD3C7	1473699600	13.8888888888889	15	Wunderground	2	1	#8DD3C7
#8DD3C7	1473786000	13	18	Wunderground	2	1	#8DD3C7
#8DD3C7	1473872400	7	10	Wunderground	2	1	#8DD3C7
#8DD3C7	1473958800	8	10.8888888888889	Wunderground	2	1	#8DD3C7
#8DD3C7	1474045200	13.8888888888889	15	Wunderground	2	1	#8DD3C7
#8DD3C7	1474131600	20	20.7777777777778	Wunderground	2	1	#8DD3C7
#8DD3C7	1474218000	18	19.8611111111111	Wunderground	2	1	#8DD3C7
#8DD3C7	1474304400	13.8888888888889	15.2777777777778	Wunderground	2	1	#8DD3C7
#8DD3C7	1474390800	12.7777777777778	16	Wunderground	2	1	#8DD3C7
#8DD3C7	1474477200	12.7777777777778	17	Wunderground	2	1	#8DD3C7
#8DD3C7	1474563600	11	12	Wunderground	2	1	#8DD3C7
#8DD3C7	1474650000	6	8.83333333333334	Wunderground	2	1	#8DD3C7
#8DD3C7	1474736400	6	7.94444444444445	Wunderground	2	1	#8DD3C7
#8DD3C7	1474822800	5	8	Wunderground	2	1	#8DD3C7
#8DD3C7	1474909200	13	14	Wunderground	2	1	#8DD3C7
#8DD3C7	1474995600	11	11.8333333333333	Wunderground	2	1	#8DD3C7
#8DD3C7	1475082000	8	10	Wunderground	2	1	#8DD3C7
#8DD3C7	1475168400	8	10	Wunderground	2	1	#8DD3C7
#8DD3C7	1475254800	12	12.0555555555556	Wunderground	2	1	#8DD3C7
#8DD3C7	1475341200	13	14	Wunderground	2	1	#8DD3C7
#8DD3C7	1475427600	11	13	Wunderground	2	1	#8DD3C7
#8DD3C7	1475514000	6	8.25	Wunderground	2	1	#8DD3C7
#8DD3C7	1475600400	8	10.1388888888889	Wunderground	2	1	#8DD3C7
#8DD3C7	1475686800	8.88888888888889	11.0833333333333	Wunderground	2	1	#8DD3C7
#8DD3C7	1475773200	11	12.1666666666667	Wunderground	2	1	#8DD3C7
#8DD3C7	1475859600	11	16	Wunderground	2	1	#8DD3C7
#8DD3C7	1475946000	7.77777777777778	9	Wunderground	2	1	#8DD3C7
#8DD3C7	1476032400	3	4.75	Wunderground	2	1	#8DD3C7
#8DD3C7	1476118800	3.33333333333333	5	Wunderground	2	1	#8DD3C7
#8DD3C7	1476205200	10	10	Wunderground	2	1	#8DD3C7
#8DD3C7	1476291600	5.55555555555556	10.75	Wunderground	2	1	#8DD3C7
#8DD3C7	1476378000	2	3	Wunderground	2	1	#8DD3C7
#8DD3C7	1476464400	4.44444444444444	5.88888888888889	Wunderground	2	1	#8DD3C7
#8DD3C7	1476550800	10	12.3888888888889	Wunderground	2	1	#8DD3C7
#8DD3C7	1476637200	8.88888888888889	11	Wunderground	2	1	#8DD3C7
#8DD3C7	1476723600	8.88888888888889	10	Wunderground	2	1	#8DD3C7
#8DD3C7	1476810000	10	11	Wunderground	2	1	#8DD3C7
#8DD3C7	1476896400	8	10	Wunderground	2	1	#8DD3C7
#8DD3C7	1476982800	8	9	Wunderground	2	1	#8DD3C7
#8DD3C7	1477069200	2.77777777777778	6.75	Wunderground	2	1	#8DD3C7
#8DD3C7	1477155600	3	4	Wunderground	2	1	#8DD3C7
#8DD3C7	1477242000	3.88888888888889	5	Wunderground	2	1	#8DD3C7
#8DD3C7	1477328400	0.999999999999998	3	Wunderground	2	1	#8DD3C7
#8DD3C7	1477414800	-1	0	Wunderground	2	1	#8DD3C7
#8DD3C7	1477501200	-1	0.999999999999998	Wunderground	2	1	#8DD3C7
#8DD3C7	1477587600	3	4	Wunderground	2	1	#8DD3C7
#8DD3C7	1477674000	3	4	Wunderground	2	1	#8DD3C7
#8DD3C7	1477760400	4.44444444444444	5	Wunderground	2	1	#8DD3C7
#8DD3C7	1477846800	2	3	Wunderground	2	1	#8DD3C7
#8DD3C7	1477933200	0	2	Wunderground	2	1	#8DD3C7
#8DD3C7	1478019600	6.66666666666667	7.83333333333333	Wunderground	2	1	#8DD3C7
#8DD3C7	1478106000	7.77777777777778	9	Wunderground	2	1	#8DD3C7
#8DD3C7	1478192400	0.999999999999998	2.19444444444445	Wunderground	2	1	#8DD3C7
#8DD3C7	1478278800	2	3	Wunderground	2	1	#8DD3C7
#8DD3C7	1478365200	-1	3	Wunderground	2	1	#8DD3C7
#8DD3C7	1478451600	-3	-0.666666666666667	Wunderground	2	1	#8DD3C7
#8DD3C7	1478538000	0.999999999999998	3.88888888888889	Wunderground	2	1	#8DD3C7
#8DD3C7	1478624400	0	6.33333333333333	Wunderground	2	1	#8DD3C7
#8DD3C7	1478710800	-2	0	Wunderground	2	1	#8DD3C7
#8DD3C7	1478797200	0	3	Wunderground	2	1	#8DD3C7
#8DD3C7	1478883600	-2	0	Wunderground	2	1	#8DD3C7
#8DD3C7	1478970000	6	7	Wunderground	2	1	#8DD3C7
#8DD3C7	1479056400	5	7.94444444444445	Wunderground	2	1	#8DD3C7
#8DD3C7	1479142800	2.77777777777778	4.44444444444444	Wunderground	2	1	#8DD3C7
#8DD3C7	1479229200	6	6.38888888888889	Wunderground	2	1	#8DD3C7
#8DD3C7	1479315600	3	4.86111111111111	Wunderground	2	1	#8DD3C7
#8DD3C7	1479402000	-1	1.02777777777778	Wunderground	2	1	#8DD3C7
#8DD3C7	1479488400	2	3	Wunderground	2	1	#8DD3C7
#8DD3C7	1479574800	0	0	Wunderground	2	1	#8DD3C7
#8DD3C7	1479661200	-2.22222222222222	-2	Wunderground	2	1	#8DD3C7
#8DD3C7	1479747600	-2	-1.83333333333333	Wunderground	2	1	#8DD3C7
#8DD3C7	1479834000	-3.33333333333333	-2	Wunderground	2	1	#8DD3C7
#8DD3C7	1479920400	-2	-1	Wunderground	2	1	#8DD3C7
#8DD3C7	1480006800	0	0	Wunderground	2	1	#8DD3C7
#8DD3C7	1480093200	0.999999999999998	0.999999999999998	Wunderground	2	1	#8DD3C7
#8DD3C7	1480179600	0	0	Wunderground	2	1	#8DD3C7
#8DD3C7	1480266000	-2.22222222222222	-1.66666666666667	Wunderground	2	1	#8DD3C7
#8DD3C7	1480352400	-2	-1	Wunderground	2	1	#8DD3C7
#8DD3C7	1480438800	0.999999999999998	1.75	Wunderground	2	1	#8DD3C7
#8DD3C7	1480525200	4.44444444444444	5	Wunderground	2	1	#8DD3C7
#8DD3C7	1480611600	2	3	Wunderground	2	1	#8DD3C7
#8DD3C7	1480698000	0	0.999999999999998	Wunderground	2	1	#8DD3C7
#8DD3C7	1480784400	-3	-2	Wunderground	2	1	#8DD3C7
#8DD3C7	1480870800	-4	-3.88888888888889	Wunderground	2	1	#8DD3C7
#8DD3C7	1480957200	-5.55555555555556	-3	Wunderground	2	1	#8DD3C7
#8DD3C7	1481043600	-2	-1	Wunderground	2	1	#8DD3C7
#8DD3C7	1481130000	-2	-1	Wunderground	2	1	#8DD3C7
#8DD3C7	1481216400	-7	-5	Wunderground	2	1	#8DD3C7
#8DD3C7	1481302800	-11	-9	Wunderground	2	1	#8DD3C7
#8DD3C7	1481389200	-13	-11	Wunderground	2	1	#8DD3C7
#8DD3C7	1481475600	-6.11111111111111	-5	Wunderground	2	1	#8DD3C7
#8DD3C7	1481562000	-7	-4	Wunderground	2	1	#8DD3C7
#8DD3C7	1481648400	-7	-5	Wunderground	2	1	#8DD3C7
#8DD3C7	1481734800	-20	-17	Wunderground	2	1	#8DD3C7
#8DD3C7	1481821200	-23	-21.25	Wunderground	2	1	#8DD3C7
#8DD3C7	1481907600	-16	-14	Wunderground	2	1	#8DD3C7
#8DD3C7	1481994000	-15	-7.83333333333333	Wunderground	2	1	#8DD3C7
#8DD3C7	1482080400	-22	-19.7222222222222	Wunderground	2	1	#8DD3C7
#8DD3C7	1482166800	-17	-9.25	Wunderground	2	1	#8DD3C7
#8DD3C7	1482253200	-1	0	Wunderground	2	1	#8DD3C7
#8DD3C7	1482339600	0	0	Wunderground	2	1	#8DD3C7
#8DD3C7	1482426000	0	0.416666666666667	Wunderground	2	1	#8DD3C7
#8DD3C7	1482512400	0	0	Wunderground	2	1	#8DD3C7
#8DD3C7	1482598800	-10	-5.75	Wunderground	2	1	#8DD3C7
#8DD3C7	1482685200	-12.2222222222222	-11	Wunderground	2	1	#8DD3C7
#8DD3C7	1482771600	0	0.999999999999998	Wunderground	2	1	#8DD3C7
#8DD3C7	1482858000	-7.22222222222222	-5.88888888888889	Wunderground	2	1	#8DD3C7
#8DD3C7	1482944400	-7	-4	Wunderground	2	1	#8DD3C7
#8DD3C7	1483030800	-10	-7	Wunderground	2	1	#8DD3C7
#8DD3C7	1483117200	-13.3333333333333	-11	Wunderground	2	1	#8DD3C7
#8DD3C7	1483203600	-9	-7	Wunderground	2	1	#8DD3C7
#8DD3C7	1483290000	-10	-6	Wunderground	2	1	#8DD3C7
#8DD3C7	1483376400	-6	-4	Wunderground	2	1	#8DD3C7
#8DD3C7	1483462800	-5	-3	Wunderground	2	1	#8DD3C7
#8DD3C7	1483549200	-10	-8.91666666666667	Wunderground	2	1	#8DD3C7
#8DD3C7	1483635600	-14	-11	Wunderground	2	1	#8DD3C7
#8DD3C7	1483722000	-18	-16.1111111111111	Wunderground	2	1	#8DD3C7
#8DD3C7	1483808400	-20	-18	Wunderground	2	1	#8DD3C7
#8DD3C7	1483894800	-21	-18.5	Wunderground	2	1	#8DD3C7
#8DD3C7	1483981200	-8	-7	Wunderground	2	1	#8DD3C7
#8DD3C7	1484067600	0.999999999999998	2.77777777777778	Wunderground	2	1	#8DD3C7
#8DD3C7	1484154000	0.999999999999998	3	Wunderground	2	1	#8DD3C7
#8DD3C7	1484240400	-14	-8.66666666666667	Wunderground	2	1	#8DD3C7
#8DD3C7	1484326800	-17.2222222222222	-16	Wunderground	2	1	#8DD3C7
#8DD3C7	1484413200	-11	-9	Wunderground	2	1	#8DD3C7
#8DD3C7	1484499600	-9	-8	Wunderground	2	1	#8DD3C7
#8DD3C7	1484586000	-5	-3.33333333333333	Wunderground	2	1	#8DD3C7
#8DD3C7	1484672400	-5.55555555555556	-4.44444444444444	Wunderground	2	1	#8DD3C7
#8DD3C7	1484758800	-2	0	Wunderground	2	1	#8DD3C7
#8DD3C7	1484845200	0	0.999999999999998	Wunderground	2	1	#8DD3C7
#8DD3C7	1484931600	0	0.999999999999998	Wunderground	2	1	#8DD3C7
#8DD3C7	1485018000	-2	0	Wunderground	2	1	#8DD3C7
#8DD3C7	1485104400	-4	-2.22222222222222	Wunderground	2	1	#8DD3C7
#8DD3C7	1485190800	-4	-3.47222222222222	Wunderground	2	1	#8DD3C7
#8DD3C7	1485277200	-2.22222222222222	-2	Wunderground	2	1	#8DD3C7
#8DD3C7	1485363600	0	0	Wunderground	2	1	#8DD3C7
#8DD3C7	1485450000	-3	-2	Wunderground	2	1	#8DD3C7
#8DD3C7	1485536400	-3	-2	Wunderground	2	1	#8DD3C7
#8DD3C7	1485622800	-5	-3.25	Wunderground	2	1	#8DD3C7
#8DD3C7	1485709200	-13	-11.25	Wunderground	2	1	#8DD3C7
#8DD3C7	1485795600	-18	-14.25	Wunderground	2	1	#8DD3C7
#8DD3C7	1485882000	-14	-13	Wunderground	2	1	#8DD3C7
#8DD3C7	1485968400	-11	-8	Wunderground	2	1	#8DD3C7
#8DD3C7	1486054800	-8.33333333333333	-8	Wunderground	2	1	#8DD3C7
#8DD3C7	1486141200	-13	-10	Wunderground	2	1	#8DD3C7
#8DD3C7	1486227600	-5	-4	Wunderground	2	1	#8DD3C7
#8DD3C7	1486314000	-13.3333333333333	-12	Wunderground	2	1	#8DD3C7
#8DD3C7	1486400400	-12	-10	Wunderground	2	1	#8DD3C7
#8DD3C7	1486486800	-8	-2	Wunderground	2	1	#8DD3C7
#8DD3C7	1486573200	-15	-14	Wunderground	2	1	#8DD3C7
#8DD3C7	1486659600	-16.1111111111111	-15	Wunderground	2	1	#8DD3C7
#8DD3C7	1486746000	-14	-13.25	Wunderground	2	1	#8DD3C7
#8DD3C7	1486832400	-14	-12.3888888888889	Wunderground	2	1	#8DD3C7
#8DD3C7	1486918800	-8	-6	Wunderground	2	1	#8DD3C7
#8DD3C7	1487005200	-11.1111111111111	-6.5	Wunderground	2	1	#8DD3C7
#8DD3C7	1487091600	-6.11111111111111	-5	Wunderground	2	1	#8DD3C7
#8DD3C7	1487178000	-5	-4	Wunderground	2	1	#8DD3C7
#8DD3C7	1487264400	-9	-6.25	Wunderground	2	1	#8DD3C7
#8DD3C7	1487350800	-5	-4	Wunderground	2	1	#8DD3C7
#8DD3C7	1487437200	2	3	Wunderground	2	1	#8DD3C7
#8DD3C7	1487523600	-5	-2.83333333333333	Wunderground	2	1	#8DD3C7
#8DD3C7	1487610000	-7	-5	Wunderground	2	1	#8DD3C7
#8DD3C7	1487696400	0	1.25	Wunderground	2	1	#8DD3C7
#8DD3C7	1487782800	2	2.36111111111111	Wunderground	2	1	#8DD3C7
#8DD3C7	1487869200	0.999999999999998	2	Wunderground	2	1	#8DD3C7
#8DD3C7	1487955600	0	0.999999999999998	Wunderground	2	1	#8DD3C7
#8DD3C7	1488042000	-4.44444444444444	-3	Wunderground	2	1	#8DD3C7
#8DD3C7	1488128400	-1.11111111111111	0	Wunderground	2	1	#8DD3C7
#8DD3C7	1488214800	-4.44444444444444	-2	Wunderground	2	1	#8DD3C7
#8DD3C7	1488301200	2	3	Wunderground	2	1	#8DD3C7
#8DD3C7	1488387600	-9	-8	Wunderground	2	1	#8DD3C7
#8DD3C7	1488474000	-14	-12	Wunderground	2	1	#8DD3C7
#8DD3C7	1488560400	-17.2222222222222	-16	Wunderground	2	1	#8DD3C7
#8DD3C7	1488646800	-17.2222222222222	-16.0555555555556	Wunderground	2	1	#8DD3C7
#8DD3C7	1488733200	-12	-9	Wunderground	2	1	#8DD3C7
#8DD3C7	1488819600	-2.22222222222222	1.75	Wunderground	2	1	#8DD3C7
#8DD3C7	1488906000	2.22222222222222	3	Wunderground	2	1	#8DD3C7
#8DD3C7	1488992400	-4	-2	Wunderground	2	1	#8DD3C7
#8DD3C7	1489078800	-15	-9	Wunderground	2	1	#8DD3C7
#8DD3C7	1489165200	-21	-19.25	Wunderground	2	1	#8DD3C7
#8DD3C7	1489251600	-17.2222222222222	-16	Wunderground	2	1	#8DD3C7
#8DD3C7	1489338000	-16	-14	Wunderground	2	1	#8DD3C7
#8DD3C7	1489424400	-9	-9	Wunderground	2	1	#8DD3C7
#8DD3C7	1489510800	-8	-6.66666666666667	Wunderground	2	1	#8DD3C7
#8DD3C7	1489597200	-10	-9	Wunderground	2	1	#8DD3C7
#8DD3C7	1489683600	-10	-8.5	Wunderground	2	1	#8DD3C7
#8DD3C7	1489770000	-13	-9.11111111111111	Wunderground	2	1	#8DD3C7
#8DD3C7	1489856400	-9	-5.41666666666667	Wunderground	2	1	#8DD3C7
#8DD3C7	1489942800	-7	-5	Wunderground	2	1	#8DD3C7
#8DD3C7	1490029200	0.999999999999998	0.999999999999998	Wunderground	2	1	#8DD3C7
#8DD3C7	1490115600	-13	-11	Wunderground	2	1	#8DD3C7
#8DD3C7	1490202000	-11.1111111111111	-10	Wunderground	2	1	#8DD3C7
#8DD3C7	1490288400	-3	-2	Wunderground	2	1	#8DD3C7
#8DD3C7	1490374800	-7	-4.5	Wunderground	2	1	#8DD3C7
#8DD3C7	1490461200	-8	-5	Wunderground	2	1	#8DD3C7
#8DD3C7	1490547600	0.999999999999998	2	Wunderground	2	1	#8DD3C7
#8DD3C7	1490634000	0.555555555555556	0.999999999999998	Wunderground	2	1	#8DD3C7
#8DD3C7	1490720400	2	2.77777777777778	Wunderground	2	1	#8DD3C7
#8DD3C7	1490806800	0	1.66666666666667	Wunderground	2	1	#8DD3C7
#8DD3C7	1490893200	-0.277777777777778	0.722222222222221	Wunderground	2	1	#8DD3C7
#8DD3C7	1490979600	-0.388888888888889	0.555555555555556	Wunderground	2	1	#8DD3C7
#8DD3C7	1491066000	0.88888888888889	1.66666666666667	Wunderground	2	1	#8DD3C7
#8DD3C7	1491152400	-0.222222222222221	2.16666666666667	Wunderground	2	1	#8DD3C7
#8DD3C7	1491238800	1.5	3.16666666666667	Wunderground	2	1	#8DD3C7
#8DD3C7	1491325200	3.88888888888889	4.05555555555556	Wunderground	2	1	#8DD3C7
#8DD3C7	1491411600	1.61111111111111	3	Wunderground	2	1	#8DD3C7
#8DD3C7	1491498000	2.11111111111111	2.72222222222222	Wunderground	2	1	#8DD3C7
#8DD3C7	1491584400	0.499999999999999	1.11111111111111	Wunderground	2	1	#8DD3C7
#8DD3C7	1491670800	2.22222222222222	4.36111111111111	Wunderground	2	1	#8DD3C7
#8DD3C7	1491757200	10.8888888888889	11.3333333333333	Wunderground	2	1	#8DD3C7
#8DD3C7	1491843600	5	5.73611111111111	Wunderground	2	1	#8DD3C7
#8DD3C7	1491930000	3.5	4.47222222222222	Wunderground	2	1	#8DD3C7
#8DD3C7	1492016400	3.72222222222222	4.36111111111111	Wunderground	2	1	#8DD3C7
#8DD3C7	1492102800	3.61111111111111	7.13888888888889	Wunderground	2	1	#8DD3C7
#8DD3C7	1492189200	6.38888888888889	9.77777777777778	Wunderground	2	1	#8DD3C7
#8DD3C7	1492275600	9.77777777777778	11.8055555555556	Wunderground	2	1	#8DD3C7
#8DD3C7	1492362000	3.5	5.72222222222222	Wunderground	2	1	#8DD3C7
#8DD3C7	1492448400	1.72222222222222	3.61111111111111	Wunderground	2	1	#8DD3C7
#8DD3C7	1492534800	5.77777777777778	6.15277777777778	Wunderground	2	1	#8DD3C7
#8DD3C7	1492621200	5.55555555555556	6.69444444444445	Wunderground	2	1	#8DD3C7
#8DD3C7	1492707600	6.66666666666667	7.97222222222222	Wunderground	2	1	#8DD3C7
#8DD3C7	1492794000	6.66666666666667	7.75	Wunderground	2	1	#8DD3C7
#8DD3C7	1492880400	4	7.22222222222222	Wunderground	2	1	#8DD3C7
#8DD3C7	1492966800	-0.388888888888889	2.22222222222222	Wunderground	2	1	#8DD3C7
#8DD3C7	1493053200	2.72222222222222	4.01388888888889	Wunderground	2	1	#8DD3C7
#8DD3C7	1493139600	8.77777777777778	9.44444444444444	Wunderground	2	1	#8DD3C7
#8DD3C7	1493226000	9.88888888888889	10.3888888888889	Wunderground	2	1	#8DD3C7
#8DD3C7	1493312400	10.7777777777778	11.6388888888889	Wunderground	2	1	#8DD3C7
#8DD3C7	1493398800	6.66666666666667	14.4444444444444	Wunderground	2	1	#8DD3C7
#8DD3C7	1493485200	2.38888888888889	4.29166666666667	Wunderground	2	1	#8DD3C7
#8DD3C7	1493571600	5.55555555555556	6.94444444444445	Wunderground	2	1	#8DD3C7
#8DD3C7	1493658000	8.27777777777778	9.56944444444444	Wunderground	2	1	#8DD3C7
#8DD3C7	1493744400	6.27777777777778	8.19444444444445	Wunderground	2	1	#8DD3C7
#8DD3C7	1493830800	5.55555555555556	8.27777777777778	Wunderground	2	1	#8DD3C7
#8DD3C7	1493917200	7.5	8	Wunderground	2	1	#8DD3C7
#8DD3C7	1494003600	6.66666666666667	8.22222222222222	Wunderground	2	1	#8DD3C7
#8DD3C7	1494090000	5.38888888888889	8.22222222222222	Wunderground	2	1	#8DD3C7
#8DD3C7	1494176400	1.66666666666667	2.77777777777778	Wunderground	2	1	#8DD3C7
#8DD3C7	1494262800	1.22222222222222	2.375	Wunderground	2	1	#8DD3C7
#8DD3C7	1494349200	4.5	6.11111111111111	Wunderground	2	1	#8DD3C7
#8DD3C7	1494435600	6.61111111111111	8.30555555555556	Wunderground	2	1	#8DD3C7
#8DD3C7	1494522000	7.72222222222222	8.77777777777778	Wunderground	2	1	#8DD3C7
#8DD3C7	1494608400	10.7222222222222	12	Wunderground	2	1	#8DD3C7
#8DD3C7	1494694800	8.72222222222222	9.72222222222222	Wunderground	2	1	#8DD3C7
#8DD3C7	1494781200	8.5	11.5555555555556	Wunderground	2	1	#8DD3C7
#8DD3C7	1494867600	11.7222222222222	13.375	Wunderground	2	1	#8DD3C7
#8DD3C7	1494954000	14.7777777777778	16.0972222222222	Wunderground	2	1	#8DD3C7
#8DD3C7	1495040400	21	22.4444444444444	Wunderground	2	1	#8DD3C7
#8DD3C7	1495126800	10.5	12.0555555555556	Wunderground	2	1	#8DD3C7
#8DD3C7	1495213200	6.66666666666667	7.88888888888889	Wunderground	2	1	#8DD3C7
#8DD3C7	1495299600	10.5	12.7777777777778	Wunderground	2	1	#8DD3C7
#8DD3C7	1495386000	9.44444444444444	10.8055555555556	Wunderground	2	1	#8DD3C7
#8DD3C7	1495472400	11.1111111111111	13.8194444444444	Wunderground	2	1	#8DD3C7
#8DD3C7	1495558800	12.7777777777778	14.8888888888889	Wunderground	2	1	#8DD3C7
#8DD3C7	1495645200	12.7777777777778	13.3333333333333	Wunderground	2	1	#8DD3C7
#8DD3C7	1495731600	11.5	12.5555555555556	Wunderground	2	1	#8DD3C7
#8DD3C7	1495818000	11.6666666666667	12.8611111111111	Wunderground	2	1	#8DD3C7
#8DD3C7	1495904400	14	16.3194444444444	Wunderground	2	1	#8DD3C7
#8DD3C7	1495990800	12.7222222222222	13.1944444444444	Wunderground	2	1	#8DD3C7
#8DD3C7	1496077200	11.5	12.8888888888889	Wunderground	2	1	#8DD3C7
#8DD3C7	1496163600	12.5	13.8888888888889	Wunderground	2	1	#8DD3C7
#8DD3C7	1496250000	12.7222222222222	14.4444444444444	Wunderground	2	1	#8DD3C7
#8DD3C7	1496336400	8.88888888888889	9.94444444444444	Wunderground	2	1	#8DD3C7
#8DD3C7	1496422800	10	10.2222222222222	Wunderground	2	1	#8DD3C7
#8DD3C7	1496509200	12.7777777777778	15.0555555555556	Wunderground	2	1	#8DD3C7
#8DD3C7	1496595600	12.2222222222222	13.7222222222222	Wunderground	2	1	#8DD3C7
#8DD3C7	1496682000	10.8888888888889	11.3333333333333	Wunderground	2	1	#8DD3C7
#8DD3C7	1496768400	11.1111111111111	12.8888888888889	Wunderground	2	1	#8DD3C7
#8DD3C7	1496854800	15.2777777777778	17.2638888888889	Wunderground	2	1	#8DD3C7
#8DD3C7	1496941200	18.8888888888889	20.7361111111111	Wunderground	2	1	#8DD3C7
#8DD3C7	1497027600	13.1111111111111	16.0277777777778	Wunderground	2	1	#8DD3C7
#8DD3C7	1497114000	21.2777777777778	24.4444444444444	Wunderground	2	1	#8DD3C7
#8DD3C7	1497200400	21.1111111111111	23.6111111111111	Wunderground	2	1	#8DD3C7
#8DD3C7	1497286800	21.1111111111111	23.7222222222222	Wunderground	2	1	#8DD3C7
#8DD3C7	1497373200	12.7222222222222	14.3055555555556	Wunderground	2	1	#8DD3C7
#8DD3C7	1497459600	11.5	15.5	Wunderground	2	1	#8DD3C7
#8DD3C7	1497546000	14.3888888888889	15	Wunderground	2	1	#8DD3C7
#8DD3C7	1497632400	16.6666666666667	17.2916666666667	Wunderground	2	1	#8DD3C7
#8DD3C7	1497718800	21.3888888888889	22.0555555555556	Wunderground	2	1	#8DD3C7
#8DD3C7	1497805200	21.6666666666667	22.7777777777778	Wunderground	2	1	#8DD3C7
#8DD3C7	1497891600	17.2222222222222	19.4444444444444	Wunderground	2	1	#8DD3C7
#8DD3C7	1497978000	14.5	16.5	Wunderground	2	1	#8DD3C7
#8DD3C7	1498064400	15.5555555555556	16.7222222222222	Wunderground	2	1	#8DD3C7
#8DD3C7	1498150800	16.6111111111111	17.3055555555556	Wunderground	2	1	#8DD3C7
#8DD3C7	1498237200	18.7777777777778	19.5277777777778	Wunderground	2	1	#8DD3C7
#8DD3C7	1498323600	15.2222222222222	16.6805555555556	Wunderground	2	1	#8DD3C7
#8DD3C7	1498410000	12.5	14.6111111111111	Wunderground	2	1	#8DD3C7
#8DD3C7	1498496400	14.2777777777778	15.3888888888889	Wunderground	2	1	#8DD3C7
#8DD3C7	1498582800	13.3333333333333	14.8194444444444	Wunderground	2	1	#8DD3C7
#8DD3C7	1498669200	15.3888888888889	16.1111111111111	Wunderground	2	1	#8DD3C7
#8DD3C7	1498755600	15.7777777777778	16.0277777777778	Wunderground	2	1	#8DD3C7
#8DD3C7	1498842000	19.4444444444444	20	Wunderground	2	1	#8DD3C7
#8DD3C7	1498928400	18.3333333333333	19	Wunderground	2	1	#8DD3C7
#8DD3C7	1499014800	16.6666666666667	17.3888888888889	Wunderground	2	1	#8DD3C7
#8DD3C7	1499101200	17.2222222222222	19.0555555555556	Wunderground	2	1	#8DD3C7
#8DD3C7	1499187600	16.6111111111111	21.1111111111111	Wunderground	2	1	#8DD3C7
#8DD3C7	1499274000	18.8888888888889	20.8333333333333	Wunderground	2	1	#8DD3C7
#8DD3C7	1499360400	19.8888888888889	20.8333333333333	Wunderground	2	1	#8DD3C7
#8DD3C7	1499446800	16.6666666666667	19.1944444444444	Wunderground	2	1	#8DD3C7
#8DD3C7	1499533200	16.2777777777778	17.3472222222222	Wunderground	2	1	#8DD3C7
#8DD3C7	1499619600	17.2222222222222	18.0555555555556	Wunderground	2	1	#8DD3C7
#8DD3C7	1499706000	19.3888888888889	20.5	Wunderground	2	1	#8DD3C7
#8DD3C7	1499792400	17	17.8888888888889	Wunderground	2	1	#8DD3C7
#8DD3C7	1499878800	14.8888888888889	15	Wunderground	2	1	#8DD3C7
#8DD3C7	1499965200	15	16.0138888888889	Wunderground	2	1	#8DD3C7
#8DD3C7	1500051600	16.5	17.8888888888889	Wunderground	2	1	#8DD3C7
#8DD3C7	1500138000	19.4444444444444	20.4861111111111	Wunderground	2	1	#8DD3C7
#8DD3C7	1500224400	19.3888888888889	20.3333333333333	Wunderground	2	1	#8DD3C7
#8DD3C7	1500310800	17.6111111111111	20.0555555555556	Wunderground	2	1	#8DD3C7
#8DD3C7	1500397200	20.5555555555556	22.1944444444444	Wunderground	2	1	#8DD3C7
#8DD3C7	1500483600	19.5	21.0833333333333	Wunderground	2	1	#8DD3C7
#8DD3C7	1500570000	18.7777777777778	20.5555555555556	Wunderground	2	1	#8DD3C7
#8DD3C7	1500656400	17.5	19.5833333333333	Wunderground	2	1	#8DD3C7
#8DD3C7	1500742800	16.2777777777778	17.2222222222222	Wunderground	2	1	#8DD3C7
#8DD3C7	1500829200	13.7222222222222	14.8055555555556	Wunderground	2	1	#8DD3C7
#8DD3C7	1500915600	13.5	14.0555555555556	Wunderground	2	1	#8DD3C7
#8DD3C7	1501002000	14.5	17.4166666666667	Wunderground	2	1	#8DD3C7
#8DD3C7	1501088400	17.8888888888889	19.4166666666667	Wunderground	2	1	#8DD3C7
#8DD3C7	1501174800	15.7222222222222	17.3888888888889	Wunderground	2	1	#8DD3C7
#8DD3C7	1501261200	13.5	15.8888888888889	Wunderground	2	1	#8DD3C7
#8DD3C7	1501347600	14.7222222222222	16.6944444444444	Wunderground	2	1	#8DD3C7
#8DD3C7	1501434000	20.2222222222222	21.2222222222222	Wunderground	2	1	#8DD3C7
#8DD3C7	1501520400	18.2222222222222	21.1111111111111	Wunderground	2	1	#8DD3C7
#8DD3C7	1501606800	15	19.8611111111111	Wunderground	2	1	#8DD3C7
#8DD3C7	1501693200	19.4444444444444	20.5555555555556	Wunderground	2	1	#8DD3C7
#8DD3C7	1501779600	20.2777777777778	20.6111111111111	Wunderground	2	1	#8DD3C7
#8DD3C7	1501866000	17.5	19.0555555555556	Wunderground	2	1	#8DD3C7
#8DD3C7	1501952400	13.7777777777778	15.9444444444444	Wunderground	2	1	#8DD3C7
#8DD3C7	1502038800	14.8888888888889	15.5416666666667	Wunderground	2	1	#8DD3C7
#8DD3C7	1502125200	14.2222222222222	16.5277777777778	Wunderground	2	1	#8DD3C7
#8DD3C7	1502211600	17.6111111111111	18.3333333333333	Wunderground	2	1	#8DD3C7
#8DD3C7	1502298000	16.5	18.8888888888889	Wunderground	2	1	#8DD3C7
#8DD3C7	1502384400	19.5	20.6388888888889	Wunderground	2	1	#8DD3C7
#8DD3C7	1502470800	17.5	18.9166666666667	Wunderground	2	1	#8DD3C7
#8DD3C7	1502557200	16.5	18.8055555555556	Wunderground	2	1	#8DD3C7
#8DD3C7	1502643600	17.7777777777778	20.1388888888889	Wunderground	2	1	#8DD3C7
#8DD3C7	1502730000	18.2777777777778	20	Wunderground	2	1	#8DD3C7
#8DD3C7	1502816400	15.5	17.0833333333333	Wunderground	2	1	#8DD3C7
#8DD3C7	1502902800	16.2222222222222	17.7777777777778	Wunderground	2	1	#8DD3C7
#8DD3C7	1502989200	15.5	18.0277777777778	Wunderground	2	1	#8DD3C7
#8DD3C7	1503075600	19.5	20.5555555555556	Wunderground	2	1	#8DD3C7
#8DD3C7	1503162000	17.7222222222222	19.7777777777778	Wunderground	2	1	#8DD3C7
#8DD3C7	1503248400	19.5	20.8611111111111	Wunderground	2	1	#8DD3C7
#8DD3C7	1503334800	20.5	21.5277777777778	Wunderground	2	1	#8DD3C7
#8DD3C7	1503421200	16.6666666666667	18.6111111111111	Wunderground	2	1	#8DD3C7
#8DD3C7	1503507600	14.2222222222222	14.7638888888889	Wunderground	2	1	#8DD3C7
#8DD3C7	1503594000	12.6111111111111	13.8888888888889	Wunderground	2	1	#8DD3C7
#8DD3C7	1503680400	11.7777777777778	14.7361111111111	Wunderground	2	1	#8DD3C7
#8DD3C7	1503766800	12.7222222222222	14.2222222222222	Wunderground	2	1	#8DD3C7
#8DD3C7	1503853200	15.5555555555556	16.8055555555556	Wunderground	2	1	#8DD3C7
#8DD3C7	1503939600	16.5	17.5277777777778	Wunderground	2	1	#8DD3C7
#8DD3C7	1504026000	13.8888888888889	16.1111111111111	Wunderground	2	1	#8DD3C7
#8DD3C7	1504112400	11.1111111111111	14.9722222222222	Wunderground	2	1	#8DD3C7
#8DD3C7	1504198800	8	9.72222222222222	Wunderground	2	1	#8DD3C7
#8DD3C7	1504285200	5	10.4166666666667	Wunderground	2	1	#8DD3C7
#8DD3C7	1504371600	11.6111111111111	12.6111111111111	Wunderground	2	1	#8DD3C7
#8DD3C7	1504458000	13	13.3611111111111	Wunderground	2	1	#8DD3C7
#8DD3C7	1504544400	16.6666666666667	17.9027777777778	Wunderground	2	1	#8DD3C7
#8DD3C7	1504630800	14.4444444444444	15.4444444444444	Wunderground	2	1	#8DD3C7
#8DD3C7	1504717200	14.2222222222222	14.7777777777778	Wunderground	2	1	#8DD3C7
#8DD3C7	1504803600	12.7777777777778	13.3333333333333	Wunderground	2	1	#8DD3C7
#8DD3C7	1504890000	12.3888888888889	12.8055555555556	Wunderground	2	1	#8DD3C7
#8DD3C7	1504976400	11.1111111111111	12.2222222222222	Wunderground	2	1	#8DD3C7
#8DD3C7	1505062800	13.5	15.5833333333333	Wunderground	2	1	#8DD3C7
#8DD3C7	1505149200	13.5	16.0138888888889	Wunderground	2	1	#8DD3C7
#8DD3C7	1505235600	16.3888888888889	16.9444444444444	Wunderground	2	1	#8DD3C7
#8DD3C7	1505322000	17.5	17.7777777777778	Wunderground	2	1	#8DD3C7
#8DD3C7	1505408400	20.5	20.5694444444444	Wunderground	2	1	#8DD3C7
#8DD3C7	1505494800	19.2222222222222	20.3888888888889	Wunderground	2	1	#8DD3C7
#8DD3C7	1505581200	19.2777777777778	20.2916666666667	Wunderground	2	1	#8DD3C7
#8DD3C7	1505667600	16.5	18.7777777777778	Wunderground	2	1	#8DD3C7
#8DD3C7	1505754000	19.6111111111111	20.5972222222222	Wunderground	2	1	#8DD3C7
#8DD3C7	1505840400	18.2777777777778	19.0694444444444	Wunderground	2	1	#8DD3C7
#8DD3C7	1505926800	14.5	17.3888888888889	Wunderground	2	1	#8DD3C7
#8DD3C7	1506013200	14.6111111111111	16.9444444444444	Wunderground	2	1	#8DD3C7
#8DD3C7	1506099600	19.4444444444444	20.8888888888889	Wunderground	2	1	#8DD3C7
#8DD3C7	1506186000	20.5	22	Wunderground	2	1	#8DD3C7
#8DD3C7	1506272400	22.5	24.2083333333333	Wunderground	2	1	#8DD3C7
#8DD3C7	1506358800	22.7777777777778	23.8888888888889	Wunderground	2	1	#8DD3C7
#8DD3C7	1506445200	20.5	22.2222222222222	Wunderground	2	1	#8DD3C7
#8DD3C7	1506531600	11.1111111111111	13.1111111111111	Wunderground	2	1	#8DD3C7
#8DD3C7	1506618000	7.77777777777778	9.58333333333333	Wunderground	2	1	#8DD3C7
#8DD3C7	1506704400	6.5	8.34722222222222	Wunderground	2	1	#8DD3C7
#8DD3C7	1506790800	7.72222222222222	9.05555555555556	Wunderground	2	1	#8DD3C7
#8DD3C7	1506877200	10.1111111111111	12.2222222222222	Wunderground	2	1	#8DD3C7
#8DD3C7	1506963600	8.11111111111111	9.86111111111111	Wunderground	2	1	#8DD3C7
#8DD3C7	1507050000	12.5	14.7777777777778	Wunderground	2	1	#8DD3C7
#8DD3C7	1507136400	13.8888888888889	14.75	Wunderground	2	1	#8DD3C7
#8DD3C7	1507222800	12.5	13.2777777777778	Wunderground	2	1	#8DD3C7
#8DD3C7	1507309200	11.8888888888889	12.8055555555556	Wunderground	2	1	#8DD3C7
#8DD3C7	1507395600	18.3333333333333	18.9166666666667	Wunderground	2	1	#8DD3C7
#8DD3C7	1507482000	15.5	16.3888888888889	Wunderground	2	1	#8DD3C7
#8DD3C7	1507568400	14.5	15.0972222222222	Wunderground	2	1	#8DD3C7
#8DD3C7	1507654800	8.5	9.38888888888889	Wunderground	2	1	#8DD3C7
#8DD3C7	1507741200	6.66666666666667	8.40277777777778	Wunderground	2	1	#8DD3C7
#8DD3C7	1507827600	8.22222222222222	9.94444444444444	Wunderground	2	1	#8DD3C7
#8DD3C7	1507914000	13.3333333333333	15	Wunderground	2	1	#8DD3C7
#8DD3C7	1508000400	14.7222222222222	15.1666666666667	Wunderground	2	1	#8DD3C7
#8DD3C7	1508086800	3.88888888888889	5.61111111111111	Wunderground	2	1	#8DD3C7
#8DD3C7	1508173200	2.61111111111111	3.25	Wunderground	2	1	#8DD3C7
#8DD3C7	1508259600	10.2777777777778	11.3472222222222	Wunderground	2	1	#8DD3C7
#8DD3C7	1508346000	11.7777777777778	12.7777777777778	Wunderground	2	1	#8DD3C7
#8DD3C7	1508432400	8.5	12.7777777777778	Wunderground	2	1	#8DD3C7
#8DD3C7	1508518800	11.6666666666667	12.7361111111111	Wunderground	2	1	#8DD3C7
#8DD3C7	1508605200	10	11.6666666666667	Wunderground	2	1	#8DD3C7
#8DD3C7	1508691600	9.44444444444444	12.7777777777778	Wunderground	2	1	#8DD3C7
#8DD3C7	1508778000	13.5	16.3888888888889	Wunderground	2	1	#8DD3C7
#8DD3C7	1508864400	12.2222222222222	13.3333333333333	Wunderground	2	1	#8DD3C7
#8DD3C7	1508950800	8.88888888888889	9.58333333333333	Wunderground	2	1	#8DD3C7
#8DD3C7	1509037200	6	7.22222222222222	Wunderground	2	1	#8DD3C7
#8DD3C7	1509123600	6.22222222222222	7.75	Wunderground	2	1	#8DD3C7
#8DD3C7	1509210000	8.5	9.48611111111111	Wunderground	2	1	#8DD3C7
#8DD3C7	1509296400	6.66666666666667	8.5	Wunderground	2	1	#8DD3C7
#8DD3C7	1509382800	5.55555555555556	6.31944444444445	Wunderground	2	1	#8DD3C7
#8DD3C7	1509469200	3.27777777777778	3.97222222222222	Wunderground	2	1	#8DD3C7
#8DD3C7	1509555600	5.38888888888889	7.58333333333333	Wunderground	2	1	#8DD3C7
#8DD3C7	1509642000	5	9	Wunderground	2	1	#8DD3C7
#8DD3C7	1509728400	2.22222222222222	2.86111111111111	Wunderground	2	1	#8DD3C7
#8DD3C7	1509814800	2.11111111111111	3.47222222222222	Wunderground	2	1	#8DD3C7
#8DD3C7	1509901200	2.38888888888889	5.08333333333333	Wunderground	2	1	#8DD3C7
#8DD3C7	1509987600	0.499999999999999	1.11111111111111	Wunderground	2	1	#8DD3C7
#8DD3C7	1510074000	1.11111111111111	2.01388888888889	Wunderground	2	1	#8DD3C7
#8DD3C7	1510160400	1.11111111111111	2.22222222222222	Wunderground	2	1	#8DD3C7
#8DD3C7	1510246800	-8.33333333333333	-7.58333333333333	Wunderground	2	1	#8DD3C7
#8DD3C7	1510333200	-8.88888888888889	-8.63888888888889	Wunderground	2	1	#8DD3C7
#8DD3C7	1510419600	-3.33333333333333	-2.77777777777778	Wunderground	2	1	#8DD3C7
#8DD3C7	1510506000	-2.77777777777778	-1.41666666666667	Wunderground	2	1	#8DD3C7
#8DD3C7	1510592400	0.555555555555556	0.861111111111112	Wunderground	2	1	#8DD3C7
#8DD3C7	1510678800	-1	-0.333333333333333	Wunderground	2	1	#8DD3C7
#8DD3C7	1510765200	3.77777777777778	5.11111111111111	Wunderground	2	1	#8DD3C7
#8DD3C7	1510851600	-3.33333333333333	-2	Wunderground	2	1	#8DD3C7
#8DD3C7	1510938000	-3.88888888888889	-3.31944444444444	Wunderground	2	1	#8DD3C7
#8DD3C7	1511024400	-2.77777777777778	-1.16666666666667	Wunderground	2	1	#8DD3C7
#8DD3C7	1511110800	-7.22222222222222	-6.45833333333333	Wunderground	2	1	#8DD3C7
#8DD3C7	1511197200	-4.61111111111111	-1.55555555555556	Wunderground	2	1	#8DD3C7
#8DD3C7	1511283600	-3.88888888888889	0.583333333333333	Wunderground	2	1	#8DD3C7
#8DD3C7	1511370000	-7.38888888888889	-5.27777777777778	Wunderground	2	1	#8DD3C7
#8DD3C7	1511456400	1.61111111111111	2.72222222222222	Wunderground	2	1	#8DD3C7
#8DD3C7	1511542800	3.72222222222222	5.08333333333333	Wunderground	2	1	#8DD3C7
#8DD3C7	1511629200	-3.77777777777778	-2.77777777777778	Wunderground	2	1	#8DD3C7
#8DD3C7	1511715600	-9.88888888888889	-6.63888888888889	Wunderground	2	1	#8DD3C7
#8DD3C7	1511802000	-10	-8.38888888888889	Wunderground	2	1	#8DD3C7
#8DD3C7	1511888400	-2.77777777777778	-0.555555555555556	Wunderground	2	1	#8DD3C7
#8DD3C7	1511974800	-3.88888888888889	-3.61111111111111	Wunderground	2	1	#8DD3C7
#8DD3C7	1512061200	1.11111111111111	2.33333333333333	Wunderground	2	1	#8DD3C7
#8DD3C7	1512147600	1.11111111111111	1.33333333333333	Wunderground	2	1	#8DD3C7
#8DD3C7	1512234000	-0.388888888888889	0.527777777777778	Wunderground	2	1	#8DD3C7
#8DD3C7	1512320400	-1.11111111111111	-0.277777777777778	Wunderground	2	1	#8DD3C7
#8DD3C7	1512406800	5.27777777777778	6.63888888888889	Wunderground	2	1	#8DD3C7
#8DD3C7	1512493200	0.88888888888889	1.5	Wunderground	2	1	#8DD3C7
#8DD3C7	1512579600	-1.11111111111111	-0.138888888888888	Wunderground	2	1	#8DD3C7
#8DD3C7	1512666000	-2.11111111111111	-1.11111111111111	Wunderground	2	1	#8DD3C7
#8DD3C7	1512752400	-3	-1.69444444444444	Wunderground	2	1	#8DD3C7
#8DD3C7	1512838800	-4.22222222222222	-3.88888888888889	Wunderground	2	1	#8DD3C7
#8DD3C7	1512925200	-12.3888888888889	-10.1527777777778	Wunderground	2	1	#8DD3C7
#8DD3C7	1513011600	-10.5555555555556	-9.5	Wunderground	2	1	#8DD3C7
#8DD3C7	1513098000	-14.7777777777778	-11.9722222222222	Wunderground	2	1	#8DD3C7
#8DD3C7	1513184400	-18	-16.4444444444444	Wunderground	2	1	#8DD3C7
#8DD3C7	1513270800	-16.6666666666667	-15.7916666666667	Wunderground	2	1	#8DD3C7
#8DD3C7	1513357200	-12.6111111111111	-11.8888888888889	Wunderground	2	1	#8DD3C7
#8DD3C7	1513443600	-16.1111111111111	-14.3472222222222	Wunderground	2	1	#8DD3C7
#8DD3C7	1513530000	-14	-13.2777777777778	Wunderground	2	1	#8DD3C7
#8DD3C7	1513616400	-9.72222222222222	-8.25	Wunderground	2	1	#8DD3C7
#8DD3C7	1513702800	-10.7222222222222	-7.68055555555556	Wunderground	2	1	#8DD3C7
#8DD3C7	1513789200	-13.7777777777778	-12.8611111111111	Wunderground	2	1	#8DD3C7
#8DD3C7	1513875600	-15.5555555555556	-14.3333333333333	Wunderground	2	1	#8DD3C7
#8DD3C7	1513962000	-11.2222222222222	-9.52777777777778	Wunderground	2	1	#8DD3C7
#8DD3C7	1514048400	-7.77777777777778	-7.22222222222222	Wunderground	2	1	#8DD3C7
#8DD3C7	1514134800	-10.5555555555556	-8.33333333333333	Wunderground	2	1	#8DD3C7
#8DD3C7	1514221200	-16.2222222222222	-14	Wunderground	2	1	#8DD3C7
#8DD3C7	1514307600	-22.2777777777778	-20.8194444444444	Wunderground	2	1	#8DD3C7
#8DD3C7	1514394000	-25.2777777777778	-24.3888888888889	Wunderground	2	1	#8DD3C7
#8DD3C7	1514480400	-22.2222222222222	-21.6111111111111	Wunderground	2	1	#8DD3C7
#8DD3C7	1514566800	-21.1111111111111	-20.2222222222222	Wunderground	2	1	#8DD3C7
#8DD3C7	1514653200	-21.6666666666667	-21.1111111111111	Wunderground	2	1	#8DD3C7
#8DD3C7	1514739600	-24	-22.5555555555556	Wunderground	2	1	#8DD3C7
#8DD3C7	1514826000	-21.8888888888889	-21.1111111111111	Wunderground	2	1	#8DD3C7
#8DD3C7	1514912400	-15.6111111111111	-14.8611111111111	Wunderground	2	1	#8DD3C7
#8DD3C7	1514998800	-11.6666666666667	-10.5	Wunderground	2	1	#8DD3C7
#8DD3C7	1515085200	-21.3888888888889	-20.2638888888889	Wunderground	2	1	#8DD3C7
#8DD3C7	1515171600	-23.5	-22.5	Wunderground	2	1	#8DD3C7
#8DD3C7	1515258000	-23.8888888888889	-23.2916666666667	Wunderground	2	1	#8DD3C7
#8DD3C7	1515344400	-11.5	-8.02777777777778	Wunderground	2	1	#8DD3C7
#8DD3C7	1515430800	-6.72222222222222	-3	Wunderground	2	1	#8DD3C7
#8DD3C7	1515517200	-9.88888888888889	-8.38888888888889	Wunderground	2	1	#8DD3C7
#8DD3C7	1515603600	-0.388888888888889	2.13888888888889	Wunderground	2	1	#8DD3C7
#8DD3C7	1515690000	-6.11111111111111	4.97222222222222	Wunderground	2	1	#8DD3C7
#8DD3C7	1515776400	-17.7222222222222	-14.6944444444444	Wunderground	2	1	#8DD3C7
#8DD3C7	1515862800	-22.2222222222222	-20.1666666666667	Wunderground	2	1	#8DD3C7
#8DD3C7	1515949200	-21.2222222222222	-20.5555555555556	Wunderground	2	1	#8DD3C7
#8DD3C7	1516035600	-15.1111111111111	-14.2638888888889	Wunderground	2	1	#8DD3C7
#8DD3C7	1516122000	-11	-10	Wunderground	2	1	#8DD3C7
#8DD3C7	1516208400	-5.55555555555556	-4.94444444444445	Wunderground	2	1	#8DD3C7
#8DD3C7	1516294800	-4.44444444444444	-3.56944444444444	Wunderground	2	1	#8DD3C7
#8DD3C7	1516381200	-1.66666666666667	1.65277777777778	Wunderground	2	1	#8DD3C7
#8DD3C7	1516467600	-4.77777777777778	-2.41666666666667	Wunderground	2	1	#8DD3C7
#8DD3C7	1516554000	-8	-7.58333333333333	Wunderground	2	1	#8DD3C7
#8DD3C7	1516640400	-4.77777777777778	-3.88888888888889	Wunderground	2	1	#8DD3C7
#8DD3C7	1516726800	-12.3888888888889	-9.44444444444444	Wunderground	2	1	#8DD3C7
#8DD3C7	1516813200	-16.6666666666667	-15.0555555555556	Wunderground	2	1	#8DD3C7
#8DD3C7	1516899600	-14	-12.3888888888889	Wunderground	2	1	#8DD3C7
#8DD3C7	1516986000	-12.2222222222222	-9.44444444444444	Wunderground	2	1	#8DD3C7
#8DD3C7	1517072400	-3.88888888888889	1.40277777777778	Wunderground	2	1	#8DD3C7
#8DD3C7	1517158800	-11.6666666666667	-10	Wunderground	2	1	#8DD3C7
#8DD3C7	1517245200	-12.1111111111111	-10.8888888888889	Wunderground	2	1	#8DD3C7
#8DD3C7	1517331600	-17.2222222222222	-14.5833333333333	Wunderground	2	1	#8DD3C7
#8DD3C7	1517418000	-10.1111111111111	-2.73611111111111	Wunderground	2	1	#8DD3C7
#8DD3C7	1517504400	-17.2222222222222	-16.1111111111111	Wunderground	2	1	#8DD3C7
#8DD3C7	1517590800	-18.2222222222222	-17.1388888888889	Wunderground	2	1	#8DD3C7
#8DD3C7	1517677200	-6.72222222222222	-5.61111111111111	Wunderground	2	1	#8DD3C7
#8DD3C7	1517763600	-11.5	-10.6388888888889	Wunderground	2	1	#8DD3C7
#8DD3C7	1517850000	-9.22222222222222	-7.94444444444445	Wunderground	2	1	#8DD3C7
#8DD3C7	1517936400	-11.1111111111111	-11	Wunderground	2	1	#8DD3C7
#8DD3C7	1518022800	-14.6111111111111	-12.3611111111111	Wunderground	2	1	#8DD3C7
#8DD3C7	1518109200	-12.2222222222222	-10.5416666666667	Wunderground	2	1	#8DD3C7
#8DD3C7	1518195600	-8.33333333333333	-6.5	Wunderground	2	1	#8DD3C7
#8DD3C7	1518282000	-7.27777777777778	-6.36111111111111	Wunderground	2	1	#8DD3C7
#8DD3C7	1518368400	-8.61111111111111	-6.70833333333334	Wunderground	2	1	#8DD3C7
#8DD3C7	1518454800	-12.2777777777778	-11.1111111111111	Wunderground	2	1	#8DD3C7
#8DD3C7	1518541200	-6.66666666666667	-3.125	Wunderground	2	1	#8DD3C7
#8DD3C7	1518627600	-0.111111111111111	2	Wunderground	2	1	#8DD3C7
#8DD3C7	1518714000	-7.38888888888889	-2.52777777777778	Wunderground	2	1	#8DD3C7
#8DD3C7	1518800400	-9.44444444444444	-8.29166666666667	Wunderground	2	1	#8DD3C7
#8DD3C7	1518886800	-4.11111111111111	-3.22222222222222	Wunderground	2	1	#8DD3C7
#8DD3C7	1518973200	-1.77777777777778	-1.11111111111111	Wunderground	2	1	#8DD3C7
#8DD3C7	1519059600	0.499999999999999	1.23611111111111	Wunderground	2	1	#8DD3C7
#8DD3C7	1519146000	0.555555555555556	1.05555555555556	Wunderground	2	1	#8DD3C7
#8DD3C7	1519232400	-6.88888888888889	-6.22222222222222	Wunderground	2	1	#8DD3C7
#8DD3C7	1519318800	-6.77777777777778	-6.22222222222222	Wunderground	2	1	#8DD3C7
#8DD3C7	1519405200	-1.11111111111111	1.19444444444444	Wunderground	2	1	#8DD3C7
#8DD3C7	1519491600	-3	-2.31944444444444	Wunderground	2	1	#8DD3C7
#8DD3C7	1519578000	0.499999999999999	2.22222222222222	Wunderground	2	1	#8DD3C7
#8DD3C7	1519664400	-1.38888888888889	0.0555555555555559	Wunderground	2	1	#8DD3C7
#8DD3C7	1519750800	0.722222222222221	2.5	Wunderground	2	1	#8DD3C7
#8DD3C7	1519837200	-0.499999999999999	-0.0277777777777777	Wunderground	2	1	#8DD3C7
#8DD3C7	1519923600	-2.22222222222222	-1.94444444444444	Wunderground	2	1	#8DD3C7
#8DD3C7	1520010000	0.555555555555556	0.944444444444445	Wunderground	2	1	#8DD3C7
#8DD3C7	1520096400	-0.222222222222221	0.73611111111111	Wunderground	2	1	#8DD3C7
#8DD3C7	1520182800	-1	-0.555555555555556	Wunderground	2	1	#8DD3C7
#8DD3C7	1520269200	-2.77777777777778	-1.63888888888889	Wunderground	2	1	#8DD3C7
#8DD3C7	1520355600	-1.22222222222222	-0.805555555555556	Wunderground	2	1	#8DD3C7
#8DD3C7	1520442000	-2.22222222222222	-1.94444444444444	Wunderground	2	1	#8DD3C7
#8DD3C7	1520528400	-2.38888888888889	-2.22222222222222	Wunderground	2	1	#8DD3C7
#8DD3C7	1520614800	-3.88888888888889	-2.77777777777778	Wunderground	2	1	#8DD3C7
#8DD3C7	1520701200	-1.66666666666667	-0.777777777777777	Wunderground	2	1	#8DD3C7
#8DD3C7	1520787600	-1	0	Wunderground	2	1	#8DD3C7
#8DD3C7	1520874000	-1.11111111111111	-0.555555555555556	Wunderground	2	1	#8DD3C7
#8DD3C7	1520960400	-0.722222222222223	-0.555555555555556	Wunderground	2	1	#8DD3C7
#8DD3C7	1521046800	-2.27777777777778	-1.31944444444444	Wunderground	2	1	#8DD3C7
#8DD3C7	1521133200	-6.66666666666667	-5.55555555555556	Wunderground	2	1	#8DD3C7
#8DD3C7	1521219600	-11.1111111111111	-9.5	Wunderground	2	1	#8DD3C7
#8DD3C7	1521306000	-14.7777777777778	-13.7222222222222	Wunderground	2	1	#8DD3C7
#8DD3C7	1521392400	-12.2222222222222	-10.6944444444444	Wunderground	2	1	#8DD3C7
#8DD3C7	1521478800	-9	-7.30555555555556	Wunderground	2	1	#8DD3C7
#8DD3C7	1521565200	-7.27777777777778	-6.26388888888889	Wunderground	2	1	#8DD3C7
#8DD3C7	1521651600	-2.22222222222222	-0.791666666666666	Wunderground	2	1	#8DD3C7
#8DD3C7	1521738000	-1.22222222222222	0.194444444444444	Wunderground	2	1	#8DD3C7
#8DD3C7	1521824400	-3.88888888888889	-2.22222222222222	Wunderground	2	1	#8DD3C7
#8DD3C7	1521910800	-2.77777777777778	-2.23611111111111	Wunderground	2	1	#8DD3C7
#8DD3C7	1521997200	-3.38888888888889	-2.5	Wunderground	2	1	#8DD3C7
#8DD3C7	1522083600	-2.27777777777778	-0.0555555555555554	Wunderground	2	1	#8DD3C7
#8DD3C7	1522170000	1.66666666666667	2.83333333333333	Wunderground	2	1	#8DD3C7
#8DD3C7	1522256400	3.77777777777778	4.11111111111111	Wunderground	2	1	#8DD3C7
#8DD3C7	1522342800	2.61111111111111	3.19444444444444	Wunderground	2	1	#8DD3C7
#8DD3C7	1522429200	-1	3.11111111111111	Wunderground	2	1	#8DD3C7
#8DD3C7	1522515600	-0.555555555555556	1.11111111111111	Wunderground	2	1	#8DD3C7
#8DD3C7	1522602000	-2	-1.18055555555556	Wunderground	2	1	#8DD3C7
#8DD3C7	1522688400	0.88888888888889	1.97222222222222	Wunderground	2	1	#8DD3C7
#8DD3C7	1522774800	-4.44444444444444	-0.277777777777778	Wunderground	2	1	#8DD3C7
#8DD3C7	1522861200	-10.1111111111111	-8.88888888888889	Wunderground	2	1	#8DD3C7
#8DD3C7	1522947600	-4.44444444444444	-3.25	Wunderground	2	1	#8DD3C7
#8DD3C7	1523034000	-1.27777777777778	-0.388888888888889	Wunderground	2	1	#8DD3C7
#8DD3C7	1523120400	-3.61111111111111	-2.16666666666667	Wunderground	2	1	#8DD3C7
#8DD3C7	1523206800	-6.27777777777778	-5.88888888888889	Wunderground	2	1	#8DD3C7
#8DD3C7	1523293200	-1.66666666666667	-1.01388888888889	Wunderground	2	1	#8DD3C7
#8DD3C7	1523379600	-0.111111111111111	0.611111111111112	Wunderground	2	1	#8DD3C7
#8DD3C7	1523466000	2.22222222222222	2.44444444444444	Wunderground	2	1	#8DD3C7
#8DD3C7	1523552400	3.22222222222222	4.91666666666667	Wunderground	2	1	#8DD3C7
#8DD3C7	1523638800	-3.33333333333333	-2.11111111111111	Wunderground	2	1	#8DD3C7
#8DD3C7	1523725200	-6.11111111111111	-3.11111111111111	Wunderground	2	1	#8DD3C7
#8DD3C7	1523811600	-0.777777777777777	-0.361111111111111	Wunderground	2	1	#8DD3C7
#8DD3C7	1523898000	-0.388888888888889	1.11111111111111	Wunderground	2	1	#8DD3C7
#8DD3C7	1523984400	-0.388888888888889	0	Wunderground	2	1	#8DD3C7
